pid,w09d001,w09d002
21,5,
22,1,1.0
51,5,
52,5,
62,5,
71,5,
72,5,
111,1,1.0
112,5,
131,5,
132,5,
151,5,
152,5,
161,5,
181,5,
182,1,1.0
191,1,1.0
212,5,
251,5,
291,5,
311,5,
312,5,
341,5,
351,5,
352,5,
361,5,
391,5,
392,5,
402,5,
411,5,
412,5,
421,5,
422,1,1.0
431,1,1.0
432,5,
442,1,3.0
491,5,
492,5,
511,5,
512,5,
521,5,
531,5,
551,1,1.0
552,5,
581,1,1.0
592,1,4.0
611,1,1.0
621,1,1.0
641,5,
642,5,
651,1,1.0
652,1,1.0
661,5,
662,5,
681,1,1.0
682,5,
691,5,
701,5,
702,5,
711,1,1.0
721,5,
741,5,
742,5,
751,1,1.0
752,5,
753,5,
771,5,
772,5,
781,5,
782,5,
791,5,
792,1,1.0
794,5,
801,1,4.0
802,1,3.0
811,5,
812,5,
821,5,
822,5,
823,5,
842,5,
871,5,
873,5,
891,1,3.0
921,5,
922,5,
941,5,
951,5,
981,1,1.0
982,1,1.0
1071,5,
1092,5,
1121,1,1.0
1122,5,
1131,1,1.0
1132,5,
1141,1,1.0
1162,5,
1171,5,
1181,5,
1182,1,3.0
1201,1,1.0
1211,5,
1221,5,
1222,5,
1231,5,
1232,5,
1241,5,
1242,1,1.0
1251,5,
1261,5,
1291,1,1.0
1301,5,
1302,5,
1331,1,1.0
1332,1,3.0
1341,5,
1342,5,
1361,1,1.0
1371,5,
1381,1,3.0
1382,1,3.0
1441,1,1.0
1451,5,
1461,5,
1491,1,3.0
1501,5,
1502,5,
1561,5,
1631,5,
1641,1,1.0
1661,1,3.0
1731,5,
1732,5,
1741,5,
1761,5,
1762,5,
1811,1,3.0
1821,5,
1831,1,1.0
1832,5,
1841,1,1.0
1842,1,1.0
1861,5,
1862,5,
1881,5,
1891,5,
1901,1,1.0
1902,5,
1921,5,
1922,5,
1923,5,
1981,5,
2001,5,
2031,5,
2091,5,
2151,5,
2182,1,1.0
2192,5,
2251,5,
2252,5,
2271,1,3.0
2272,5,
2291,5,
2292,5,
2311,5,
2312,5,
2322,5,
2331,1,1.0
2332,1,1.0
2352,5,
2374,5,
2382,5,
2391,5,
2411,5,
2412,5,
2421,5,
2422,5,
2431,5,
2453,1,1.0
2461,5,
2462,1,1.0
2481,5,
2512,5,
2523,5,
2532,5,
2542,5,
2581,5,
2582,5,
2601,5,
2602,5,
2621,5,
2641,1,3.0
2642,1,4.0
2681,5,
2682,5,
2691,5,
2692,5,
2702,5,
2703,5,
2711,5,
2751,5,
2761,5,
2762,5,
2771,1,3.0
2782,5,
2791,1,3.0
2792,5,
2811,5,
2812,5,
2821,5,
2822,1,1.0
2831,5,
2832,5,
2841,5,
2842,5,
2871,5,
2872,5,
2881,5,
2882,1,1.0
2901,5,
2902,5,
2911,5,
2912,5,
2921,5,
2922,5,
2941,5,
2942,5,
2961,1,1.0
2971,5,
3002,1,1.0
3022,5,
3031,5,
3032,5,
3033,5,
3041,1,1.0
3071,5,
3081,5,
3091,5,
3111,5,
3121,5,
3122,5,
3151,1,4.0
3161,5,
3162,5,
3182,1,1.0
3201,5,
3221,1,1.0
3251,5,
3271,5,
3301,1,1.0
3311,5,
3312,5,
3331,5,
3341,5,
3361,5,
3371,5,
3381,1,3.0
3391,5,
3401,5,
3411,1,3.0
3441,5,
3442,5,
3471,1,3.0
3472,1,1.0
3491,1,1.0
3492,5,
3501,5,
3502,5,
3511,5,
3512,5,
3531,5,
3541,1,3.0
3542,5,
3561,5,
3562,5,
3571,5,
3591,5,
3601,5,
3602,5,
3611,1,1.0
3631,5,
3632,1,1.0
3661,1,1.0
3681,5,
3682,5,
3691,5,
3692,5,
3702,5,
3751,5,
3752,5,
3771,5,
3801,5,
3811,5,
3812,5,
3821,5,
3831,5,
3841,5,
3861,5,
3871,5,
3921,5,
3922,5,
3971,5,
3972,5,
4031,5,
4061,5,
4062,5,
4071,5,
4072,5,
4081,5,
4082,1,3.0
4091,5,
4092,5,
4111,5,
4112,1,3.0
4121,5,
4122,1,1.0
4251,5,
4252,5,
4311,5,
4312,1,3.0
4342,5,
4352,5,
4361,1,3.0
4362,5,
4391,1,1.0
4401,5,
4402,5,
4412,5,
4421,5,
4451,1,1.0
4452,1,1.0
4454,5,
4511,5,
4512,5,
4521,1,1.0
4522,5,
4591,5,
4592,5,
4601,1,3.0
4602,5,
4621,5,
4631,5,
4651,5,
4661,5,
4711,5,
4722,5,
4731,5,
4732,5,
4741,1,1.0
4742,1,1.0
4771,1,3.0
4772,5,
4802,5,
4803,1,1.0
4822,5,
4833,5,
4841,5,
4871,5,
4872,5,
4882,5,
4931,1,1.0
4932,1,1.0
5091,5,
5101,1,1.0
5102,1,1.0
5121,5,
5131,5,
5132,1,3.0
5141,5,
5142,1,3.0
5151,1,1.0
5161,1,1.0
5162,5,
5171,5,
5172,5,
5211,1,3.0
5212,5,
5221,5,
5222,5,
5252,5,
5262,5,
5301,1,1.0
5302,5,
5311,1,1.0
5312,1,3.0
5322,5,
5332,5,
5333,5,
5341,5,
5342,5,
5371,5,
5372,1,3.0
5391,1,1.0
5412,1,1.0
5421,5,
5431,1,1.0
5432,1,1.0
5441,5,
5442,1,1.0
5451,5,
5453,1,1.0
5461,1,1.0
5462,5,
5471,5,
5472,5,
5491,5,
5531,5,
5551,5,
5552,5,
5601,5,
5602,5,
5611,5,
5612,1,1.0
5621,5,
5631,1,1.0
5632,1,1.0
5661,1,3.0
5662,5,
5663,5,
5711,1,1.0
5712,5,
5721,1,3.0
5732,5,
5741,5,
5742,5,
5761,5,
5762,5,
5781,5,
5782,5,
5791,1,3.0
5811,1,1.0
5812,5,
5822,5,
5831,5,
5832,5,
5833,1,2.0
5891,1,1.0
5892,5,
5901,1,3.0
5902,5,
5913,5,
5931,5,
5932,5,
5941,5,
5942,1,1.0
5961,5,
5962,5,
5971,1,1.0
5991,5,
5992,5,
6001,5,
6011,1,3.0
6012,1,3.0
6021,5,
6031,5,
6033,1,1.0
6041,5,
6061,5,
6072,5,
6101,5,
6141,5,
6152,5,
6171,5,
6211,5,
6241,5,
6242,1,1.0
6251,5,
6252,5,
6261,5,
6391,5,
6451,5,
6482,1,1.0
6501,5,
6502,1,2.0
6521,1,3.0
6522,5,
6541,1,1.0
6551,5,
6571,1,3.0
6581,5,
6582,5,
6592,5,
6621,5,
6641,5,
6651,5,
6652,5,
6661,1,4.0
6662,1,3.0
6681,5,
6691,5,
6692,1,1.0
6722,5,
6741,5,
6762,5,
6771,5,
6772,5,
6782,5,
6791,5,
6792,5,
6801,5,
6802,5,
6821,1,4.0
6831,1,4.0
6832,1,3.0
6841,5,
6882,5,
6891,5,
6892,5,
6921,5,
6922,5,
6931,1,1.0
6951,5,
6971,5,
6972,5,
6991,5,
7001,5,
7051,5,
7052,5,
7061,1,1.0
7091,5,
7092,5,
7121,5,
7122,5,
7131,5,
7132,5,
7161,1,3.0
7171,1,3.0
7172,1,1.0
7221,5,
7231,1,1.0
7241,5,
7261,5,
7271,5,
7291,5,
7292,5,
7302,5,
7311,5,
7312,5,
7321,5,
7322,1,1.0
7351,5,
7352,5,
7361,5,
7371,5,
7401,5,
7411,5,
7412,1,1.0
7421,5,
7422,5,
7461,1,3.0
7462,5,
7471,5,
7472,5,
7502,5,
7511,5,
7512,1,1.0
7521,1,1.0
7522,5,
7541,5,
7542,5,
7561,5,
7562,5,
7572,5,
7591,1,1.0
7592,1,1.0
7611,5,
7621,5,
7631,1,1.0
7632,5,
7651,1,3.0
7661,5,
7662,5,
7671,5,
7711,5,
7721,5,
7741,1,2.0
7742,1,1.0
7751,5,
7801,5,
7802,5,
7812,5,
7822,5,
7841,1,3.0
7881,5,
7882,5,
7901,1,1.0
7902,1,1.0
7971,1,1.0
8011,5,
8012,5,
8032,5,
8051,1,1.0
8061,5,
8062,5,
8101,1,1.0
8111,1,1.0
8112,5,
8131,1,1.0
8132,5,
8181,5,
8182,5,
8191,5,
8192,5,
8193,5,
8201,5,
8202,5,
8252,5,
8271,1,1.0
8291,1,1.0
8292,5,
8311,5,
8312,1,1.0
8331,5,
8332,1,1.0
8361,5,
8362,5,
8372,5,
8381,5,
8382,1,1.0
8392,5,
8393,5,
8394,5,
8411,5,
8412,5,
8422,5,
8432,5,
8442,5,
8443,1,1.0
8491,5,
8492,1,1.0
8502,5,
8503,1,3.0
8504,1,1.0
8505,1,1.0
8521,5,
8551,1,1.0
8552,1,1.0
8561,5,
8571,5,
8572,5,
8591,5,
8592,5,
8601,5,
8631,5,
8651,1,4.0
8661,1,3.0
8671,1,3.0
8672,5,
8681,5,
8682,5,
8691,5,
8692,1,3.0
8693,5,
8781,5,
8782,1,1.0
8861,5,
8862,5,
8871,5,
8872,5,
8881,5,
8931,5,
8932,5,
8961,5,
8971,5,
8972,5,
8991,5,
8992,5,
9011,5,
9012,5,
9021,5,
9031,1,3.0
9071,5,
9121,5,
9122,5,
9131,1,2.0
9133,5,
9141,5,
9142,5,
9232,5,
9233,5,
9332,5,
9341,5,
9471,5,
9472,1,1.0
9491,5,
9492,5,
9541,5,
9571,1,1.0
9572,5,
9581,1,3.0
9582,5,
9591,1,1.0
9592,5,
9611,5,
9612,5,
9621,5,
9622,5,
9631,5,
9641,5,
9661,5,
9671,1,1.0
9691,5,
9692,1,3.0
9711,5,
9721,1,3.0
9722,1,1.0
9731,1,3.0
9732,1,3.0
9751,5,
9761,5,
9762,5,
9781,5,
9782,5,
9811,1,3.0
9812,5,
9901,5,
9902,5,
9931,5,
9932,5,
9941,5,
9942,5,
9951,5,
9952,5,
9981,5,
10002,5,
10012,5,
10031,5,
10051,1,3.0
10052,5,
10161,5,
10172,5,
10182,5,
10192,5,
10201,5,
10202,5,
10212,5,
10241,5,
10261,5,
10311,5,
10321,5,
10342,5,
10351,5,
10381,5,
10391,5,
10392,5,
10401,5,
10412,5,
10414,1,1.0
10461,5,
10462,5,
10511,5,
10531,5,
10552,5,
10571,5,
10572,5,
10591,1,1.0
10592,1,1.0
10601,5,
10611,5,
10612,5,
10621,1,1.0
10631,5,
10632,5,
10672,5,
10681,5,
10691,1,4.0
10692,1,3.0
10701,5,
10732,5,
10761,5,
10801,5,
10811,5,
10812,5,
10831,5,
10842,5,
10851,5,
10861,1,1.0
10862,5,
10872,5,
10881,5,
10882,5,
10901,5,
10912,5,
10921,5,
10922,5,
10951,5,
10952,5,
10971,5,
10991,5,
10992,1,1.0
11001,5,
11002,5,
11011,5,
11021,5,
11031,5,
11032,5,
11042,5,
11052,5,
11062,5,
11081,5,
11091,5,
11092,5,
11101,5,
11102,5,
11111,5,
11122,5,
11151,1,3.0
11152,5,
11181,5,
11201,5,
11202,5,
11211,5,
11231,5,
11232,1,1.0
11261,5,
11271,1,1.0
11272,5,
11281,1,1.0
11282,5,
11301,5,
11302,1,3.0
11341,1,1.0
11351,1,1.0
11352,1,3.0
11361,5,
11371,5,
11372,5,
11381,5,
11382,1,1.0
11391,5,
11411,5,
11412,1,1.0
11461,5,
11462,1,1.0
11471,5,
11481,5,
11482,1,1.0
11501,5,
11522,5,
11531,5,
11541,1,1.0
11542,1,1.0
11551,1,1.0
11552,1,1.0
11561,1,1.0
11562,5,
11581,5,
11582,5,
11592,5,
11593,1,1.0
11611,1,1.0
11612,1,3.0
11631,5,
11632,1,1.0
11671,5,
11672,5,
11691,5,
11701,5,
11702,5,
11731,5,
11732,5,
11741,5,
11742,5,
11751,1,1.0
11761,5,
11781,5,
11782,5,
11791,5,
11792,5,
11801,5,
11802,5,
11811,5,
11821,5,
11822,5,
11831,5,
11841,5,
11842,5,
11851,5,
11881,5,
11891,5,
11901,5,
11921,5,
11942,5,
11971,1,1.0
11972,1,2.0
11981,5,
11991,5,
11992,1,1.0
12011,5,
12031,5,
12041,1,1.0
12042,1,1.0
12052,5,
12053,1,1.0
12054,5,
12062,5,
12071,5,
12072,1,3.0
12091,5,
12092,5,
12101,5,
12102,1,3.0
12111,5,
12112,5,
12122,5,
12131,5,
12132,1,1.0
12142,5,
12151,1,2.0
12161,1,4.0
12162,1,3.0
12191,1,1.0
12201,5,
12211,5,
12212,5,
12221,1,1.0
12242,1,3.0
12251,1,1.0
12252,5,
12261,1,3.0
12271,5,
12272,5,
12291,1,1.0
12301,5,
12311,5,
12312,5,
12331,5,
12332,1,1.0
12342,5,
12352,1,3.0
12361,5,
12362,5,
12371,5,
12372,5,
12382,5,
12391,5,
12392,5,
12401,5,
12402,5,
12411,5,
12412,5,
12421,1,1.0
12422,1,3.0
12441,5,
12451,1,1.0
12471,5,
12481,1,1.0
12491,5,
12492,1,3.0
12521,1,1.0
12522,1,1.0
12532,5,
12561,5,
12562,5,
12571,5,
12572,5,
12611,1,1.0
12612,5,
12621,1,1.0
12622,1,3.0
12641,5,
12651,5,
12652,5,
12661,5,
12662,1,3.0
12681,5,
12682,1,3.0
12691,5,
12692,1,1.0
12711,5,
12721,5,
12722,5,
12751,5,
12761,5,
12781,5,
12782,1,3.0
12791,1,1.0
12792,5,
12801,5,
12802,5,
12811,5,
12831,5,
12832,5,
12841,1,3.0
12842,1,2.0
12861,5,
12872,5,
12882,5,
12941,5,
12951,5,
12952,5,
12981,5,
12982,5,
12991,1,1.0
12992,1,1.0
13011,5,
13012,5,
13031,5,
13042,1,1.0
13071,1,3.0
13081,1,1.0
13082,5,
13091,5,
13101,1,3.0
13121,1,1.0
13132,5,
13142,5,
13151,1,4.0
13152,1,3.0
13161,5,
13191,1,1.0
13192,1,1.0
13221,5,
13261,5,
13301,1,2.0
13302,5,
13311,5,
13312,5,
13321,5,
13341,1,1.0
13351,5,
13371,5,
13372,1,1.0
13421,5,
13422,5,
13431,5,
13432,1,1.0
13461,1,3.0
13462,5,
13471,5,
13472,5,
13481,5,
13482,5,
13491,5,
13492,5,
13512,5,
13521,5,
13531,5,
13532,5,
13541,5,
13551,5,
13561,5,
13571,5,
13581,1,1.0
13582,5,
13591,5,
13592,1,1.0
13601,5,
13602,5,
13611,5,
13621,1,1.0
13622,1,1.0
13651,5,
13652,5,
13661,5,
13671,5,
13672,5,
13681,5,
13682,1,3.0
13701,5,
13702,5,
13711,5,
13721,5,
13741,1,1.0
13751,5,
13752,5,
13771,1,1.0
13781,5,
13782,1,3.0
13801,5,
13811,5,
13822,1,2.0
13851,5,
13852,5,
13861,5,
13862,5,
13871,5,
13881,5,
13882,5,
13891,5,
13931,1,1.0
13932,5,
13941,1,1.0
13942,5,
13971,5,
13972,5,
14001,5,
14031,5,
14032,5,
14041,5,
14042,5,
14061,1,1.0
14062,5,
14072,1,1.0
14073,5,
14131,5,
14132,5,
14141,5,
14142,5,
14182,5,
14191,5,
14201,5,
14211,1,1.0
14221,5,
14231,5,
14241,5,
14242,5,
14251,5,
14252,5,
14261,5,
14281,5,
14291,5,
14321,5,
14322,1,1.0
14331,5,
14332,1,1.0
14351,5,
14361,5,
14371,5,
14372,1,3.0
14391,5,
14392,5,
14431,1,1.0
14432,1,3.0
14461,5,
14462,5,
14481,5,
14491,1,1.0
14492,5,
14501,5,
14502,1,3.0
14511,1,3.0
14512,1,4.0
14531,1,1.0
14532,5,
14541,5,
14542,5,
14551,1,3.0
14561,1,1.0
14581,1,3.0
14591,1,3.0
14601,1,3.0
14602,5,
14611,5,
14621,5,
14622,5,
14631,1,1.0
14632,5,
14633,5,
14641,1,1.0
14642,5,
14651,1,3.0
14652,5,
14671,1,3.0
14672,1,3.0
14692,5,
14701,5,
14702,1,1.0
14711,5,
14712,1,1.0
14732,5,
14733,5,
14751,5,
14752,5,
14761,5,
14762,5,
14781,5,
14782,5,
14791,1,1.0
14792,1,3.0
14801,5,
14832,1,1.0
14861,1,3.0
14862,1,1.0
14891,1,1.0
14901,5,
14921,1,1.0
14922,1,1.0
14932,5,
14981,5,
14982,5,
14991,5,
15021,5,
15022,5,
15031,5,
15041,5,
15071,1,1.0
15072,5,
15081,5,
15091,5,
15101,5,
15112,1,3.0
15141,1,3.0
15142,1,3.0
15151,1,1.0
15152,1,1.0
15161,5,
15162,5,
15172,5,
15192,5,
15201,1,4.0
15202,1,3.0
15211,5,
15212,5,
15221,1,3.0
15222,1,4.0
15242,1,3.0
15243,1,3.0
15251,1,2.0
15252,1,4.0
15261,5,
15262,5,
15281,1,1.0
15291,5,
15292,5,
15301,5,
15321,5,
15322,5,
15341,5,
15351,5,
15352,5,
15361,5,
15362,5,
15391,5,
15392,5,
15412,5,
15431,5,
15432,5,
15451,5,
15452,5,
15461,5,
15471,5,
15481,5,
15491,5,
15531,5,
15532,5,
15541,5,
15542,5,
15551,5,
15552,5,
15561,5,
15562,5,
15591,5,
15593,5,
15661,5,
15662,5,
15681,5,
15701,5,
15721,5,
15731,1,3.0
15732,5,
15742,5,
15751,5,
15752,1,1.0
15771,5,
15781,1,3.0
15782,1,4.0
15791,1,3.0
15801,1,3.0
15802,1,4.0
15811,1,4.0
15812,1,3.0
15821,5,
15822,5,
15831,5,
15851,5,
15891,5,
15892,5,
15911,1,1.0
15912,1,3.0
15921,5,
15922,5,
15931,5,
15932,1,1.0
15941,5,
15971,5,
16001,1,3.0
16042,5,
16051,5,
16061,5,
16091,5,
16092,5,
16101,5,
16111,5,
16112,1,1.0
16121,5,
16122,5,
16131,5,
16132,1,3.0
16141,1,3.0
16151,1,3.0
16161,5,
16171,5,
16172,5,
16191,5,
16211,1,1.0
16231,5,
16281,5,
16291,5,
16292,5,
16321,5,
16322,5,
16331,5,
16361,1,1.0
16362,5,
16371,5,
16372,1,3.0
16391,1,1.0
16392,5,
16401,5,
16402,5,
16411,5,
16412,5,
16442,5,
16452,5,
16461,5,
16491,5,
16492,5,
16501,5,
16522,5,
16531,1,1.0
16541,5,
16542,5,
16552,5,
16553,5,
16571,5,
16572,5,
16582,5,
16592,5,
16601,5,
16602,1,1.0
16621,5,
16651,5,
16652,5,
16661,5,
16662,5,
16691,5,
16701,5,
16732,5,
16741,5,
16742,5,
16751,5,
16752,5,
16802,5,
16812,5,
16831,5,
16832,5,
16851,5,
16852,5,
16872,1,1.0
16881,1,2.0
16882,5,
16911,1,3.0
16912,1,1.0
16921,5,
16922,5,
16951,5,
16952,1,3.0
16961,5,
16981,5,
16991,5,
17011,1,1.0
17051,5,
17052,1,1.0
17061,1,1.0
17072,5,
17091,5,
17092,5,
17112,5,
17121,5,
17132,5,
17133,5,
17141,5,
17142,5,
17151,5,
17152,1,2.0
17161,5,
17162,5,
17171,5,
17172,5,
17181,1,1.0
17182,1,1.0
17191,5,
17192,5,
17201,5,
17202,5,
17221,5,
17241,1,1.0
17251,5,
17261,5,
17271,5,
17273,1,1.0
17282,5,
17301,5,
17341,1,3.0
17342,5,
17371,5,
17372,1,1.0
17381,1,2.0
17382,5,
17383,5,
17391,1,1.0
17392,1,1.0
17401,5,
17402,1,1.0
17421,5,
17422,5,
17431,5,
17432,1,3.0
17433,1,4.0
17441,5,
17461,5,
17462,5,
17521,1,1.0
17522,5,
17551,5,
17552,5,
17561,5,
17562,1,1.0
17571,5,
17581,5,
17582,1,1.0
17641,1,3.0
17642,1,1.0
17651,5,
17661,5,
17671,5,
17681,5,
17682,5,
17691,5,
17692,1,1.0
17711,5,
17721,1,3.0
17722,1,1.0
17741,1,1.0
17751,5,
17752,5,
17761,5,
17762,5,
17781,5,
17791,5,
17792,5,
17801,1,3.0
17821,5,
17841,5,
17842,5,
17851,1,3.0
17871,5,
17891,5,
17921,5,
17922,5,
17931,5,
17941,5,
17942,5,
17951,5,
17952,5,
17962,5,
17963,5,
17964,5,
17972,5,
17973,5,
17981,5,
17982,5,
18001,1,1.0
18011,5,
18012,5,
18031,5,
18032,1,3.0
18061,1,1.0
18071,1,1.0
18072,1,3.0
18101,5,
18102,5,
18111,1,4.0
18112,1,3.0
18114,1,1.0
18121,5,
18122,5,
18141,5,
18142,5,
18161,1,1.0
18162,5,
18181,5,
18182,5,
18191,5,
18192,5,
18211,5,
18212,5,
18231,5,
18232,1,1.0
18241,5,
18242,1,2.0
18251,1,1.0
18252,5,
18261,5,
18291,5,
18292,5,
18302,5,
18311,5,
18312,5,
18321,5,
18322,1,1.0
18341,5,
18351,1,1.0
18352,1,1.0
18381,5,
18391,5,
18401,1,3.0
18402,1,4.0
18403,5,
18421,1,1.0
18422,1,1.0
18452,5,
18471,1,1.0
18472,1,3.0
18491,1,1.0
18492,1,3.0
18532,5,
18581,5,
18582,5,
18602,5,
18631,5,
18632,5,
18641,5,
18711,5,
18731,5,
18751,5,
18781,1,1.0
18782,1,1.0
18821,5,
18822,5,
18831,5,
18841,5,
18871,5,
18911,5,
19001,5,
19021,5,
19031,5,
19051,5,
19052,1,1.0
19071,5,
19072,1,3.0
19081,5,
19091,5,
19121,1,1.0
19142,5,
19161,5,
19181,5,
19182,5,
19191,5,
19201,5,
19212,5,
19221,5,
19241,5,
19242,1,1.0
19262,5,
19321,5,
19351,1,1.0
19352,1,1.0
19401,1,1.0
19411,5,
19421,5,
19451,1,3.0
19461,1,1.0
19481,5,
19491,5,
19521,5,
19522,5,
19531,5,
19591,5,
19592,5,
19611,5,
19681,5,
19691,5,
19701,5,
19711,5,
19721,5,
19722,5,
19731,1,1.0
19791,5,
19792,5,
19821,5,
19831,5,
19832,5,
19841,5,
19851,1,1.0
19852,5,
19941,1,1.0
19961,5,
19962,1,3.0
19981,1,1.0
20081,5,
20082,1,3.0
20091,5,
20092,5,
20101,5,
20111,5,
20112,5,
20141,1,1.0
20171,5,
20181,1,1.0
20212,5,
20221,5,
20281,5,
20291,5,
20292,5,
20301,5,
20311,5,
20321,1,1.0
20322,5,
20372,5,
20381,5,
20401,5,
20431,5,
20451,5,
20461,5,
20481,5,
20482,5,
20521,5,
20531,5,
20561,1,3.0
20641,5,
20651,5,
20653,1,1.0
20661,5,
20662,1,1.0
20671,5,
20672,1,1.0
20701,5,
20721,5,
20731,5,
20751,5,
20752,5,
20791,1,3.0
20801,5,
20811,5,
20861,5,
20891,1,3.0
20911,5,
20941,5,
20942,5,
20951,5,
20952,1,3.0
21001,5,
21002,5,
21012,5,
21091,5,
21121,1,1.0
21181,5,
21182,5,
21201,1,3.0
21202,1,3.0
21221,5,
21222,5,
21241,5,
21242,1,1.0
21252,5,
21261,5,
21271,5,
21272,1,3.0
21301,5,
21311,5,
21312,1,1.0
21341,5,
21351,1,1.0
21352,5,
21411,5,
21412,1,1.0
21451,5,
21452,5,
21462,1,1.0
21471,5,
21472,5,
21491,5,
21492,5,
21541,1,3.0
21561,5,
21562,5,
21581,1,1.0
21582,5,
21601,5,
21651,1,1.0
21671,5,
21691,1,1.0
21692,5,
21701,5,
21702,5,
21732,5,
21761,5,
21762,5,
21781,5,
21782,5,
21791,5,
21792,5,
21801,5,
21811,1,1.0
21861,5,
21862,5,
21871,1,1.0
21872,5,
21941,5,
21971,5,
21972,1,1.0
21981,5,
21991,1,1.0
21992,5,
22051,5,
22052,1,1.0
22071,5,
22072,5,
22091,5,
22092,5,
22151,5,
22162,5,
22163,5,
22164,5,
22191,5,
22222,5,
22281,5,
22291,5,
22391,5,
22431,5,
22441,5,
22451,5,
22531,1,1.0
22541,1,3.0
22551,1,3.0
22561,5,
22582,5,
22583,5,
22591,5,
22601,5,
22611,5,
22631,5,
22651,5,
22652,5,
22662,5,
22671,5,
22672,5,
22681,5,
22701,5,
22702,5,
22721,5,
22722,5,
22741,5,
22742,5,
22761,5,
22771,5,
22772,5,
22852,5,
22862,5,
22871,5,
22872,1,1.0
22891,5,
22901,5,
22932,5,
22941,5,
22961,5,
22962,5,
22971,5,
22972,5,
23011,5,
23012,1,1.0
23041,5,
23042,5,
23051,5,
23052,1,1.0
23061,5,
23062,1,3.0
23071,5,
23072,5,
23081,5,
23082,5,
23091,5,
23092,5,
23101,1,3.0
23102,5,
23122,5,
23131,5,
23132,5,
23151,5,
23152,5,
23161,5,
23171,5,
23212,5,
23221,5,
23222,5,
23232,5,
23241,1,1.0
23242,1,1.0
23252,5,
23261,5,
23311,5,
23331,1,1.0
23332,1,1.0
23341,5,
23371,5,
23372,5,
23381,5,
23382,5,
23431,1,3.0
23452,1,1.0
23461,5,
23462,5,
23472,5,
23481,5,
23501,5,
23502,5,
23511,5,
23512,5,
23521,1,1.0
23522,5,
23541,1,3.0
23542,5,
23551,5,
23552,5,
23561,5,
23562,5,
23571,5,
23572,1,1.0
23581,5,
23582,5,
23591,5,
23592,5,
23611,5,
23612,1,3.0
23631,5,
23632,5,
23641,1,1.0
23671,5,
23681,5,
23691,5,
23692,1,1.0
23702,5,
23711,5,
23712,5,
23731,5,
23761,1,2.0
23781,5,
23802,5,
23812,5,
23821,5,
23822,5,
23831,1,1.0
23841,1,1.0
23842,5,
23851,5,
23861,5,
23871,5,
23901,5,
23902,5,
23921,5,
23931,1,1.0
23932,1,3.0
23941,5,
23942,5,
23962,5,
23972,1,1.0
23982,5,
23992,1,3.0
24001,5,
24002,5,
24011,5,
24031,5,
24032,5,
24041,1,4.0
24042,1,2.0
24051,1,4.0
24052,1,2.0
24061,5,
24062,5,
24071,5,
24072,5,
24081,5,
24082,5,
24091,1,1.0
24101,5,
24102,5,
24111,5,
24121,5,
24122,5,
24131,5,
24132,5,
24141,5,
24142,5,
24151,1,4.0
24153,5,
24161,5,
24162,5,
24171,1,3.0
24172,5,
24181,5,
24182,5,
24201,5,
24202,5,
24211,5,
24212,5,
24221,5,
24222,5,
24231,1,1.0
24232,5,
24241,5,
24251,5,
24252,5,
24271,5,
24301,1,3.0
24311,5,
24312,5,
24321,5,
24331,5,
24332,5,
24341,5,
24342,5,
24351,5,
24361,5,
24362,5,
24381,1,1.0
24391,5,
24412,5,
24441,5,
24461,5,
24462,5,
24491,5,
24492,5,
24501,5,
24502,5,
24522,5,
24523,5,
24531,5,
24542,5,
24543,5,
24551,1,1.0
24562,5,
24571,1,4.0
24572,1,1.0
24601,1,1.0
24602,1,1.0
24621,5,
24641,1,1.0
24642,5,
24651,5,
24661,1,1.0
24663,5,
24671,1,3.0
24672,5,
24691,5,
24702,5,
24722,1,1.0
24731,1,2.0
24741,5,
24742,5,
24751,1,1.0
24771,5,
24772,5,
24782,5,
24791,1,3.0
24801,5,
24802,1,1.0
24811,5,
24812,1,2.0
24821,1,1.0
24831,5,
24832,1,1.0
24851,1,1.0
24852,1,1.0
24861,1,3.0
24862,5,
24871,5,
24872,1,1.0
24881,1,1.0
24884,5,
24892,5,
24901,1,1.0
24902,1,1.0
24931,5,
24932,5,
24941,5,
24942,5,
24951,1,1.0
24952,5,
24961,5,
24962,1,1.0
24971,5,
24982,1,3.0
25001,5,
25011,5,
25071,5,
25072,1,1.0
25082,5,
25083,1,4.0
25101,5,
25131,5,
25132,5,
25161,1,3.0
25181,5,
25191,5,
25201,5,
25211,5,
25212,5,
25221,5,
25222,1,1.0
25231,5,
25321,5,
25322,5,
25341,1,1.0
25351,1,4.0
25352,1,2.0
25361,5,
25372,5,
25421,5,
25422,5,
25451,5,
25452,1,1.0
25471,5,
25472,1,1.0
25481,1,1.0
25491,5,
25492,5,
25501,5,
25502,5,
25511,5,
25512,5,
25531,5,
25532,5,
25541,1,1.0
25551,5,
25552,1,1.0
25561,5,
25571,5,
25572,5,
25581,5,
25601,5,
25602,5,
25611,5,
25612,5,
25621,5,
25631,5,
25632,5,
25691,5,
25692,5,
25731,5,
25741,5,
25742,5,
25761,5,
25762,5,
25771,5,
25801,5,
25802,5,
25821,5,
25831,1,1.0
25841,5,
25871,5,
25872,5,
25901,1,2.0
25902,1,1.0
25912,5,
25913,5,
25921,5,
25931,1,1.0
25932,1,1.0
25941,5,
25942,5,
25951,5,
25961,5,
25962,5,
25991,1,3.0
25992,5,
26011,1,1.0
26012,5,
26041,5,
26042,1,1.0
26051,5,
26052,5,
26061,1,3.0
26062,5,
26071,5,
26072,5,
26081,5,
26082,5,
26091,5,
26092,1,1.0
26101,1,1.0
26102,5,
26111,5,
26112,5,
26121,1,3.0
26122,5,
26132,5,
26151,1,1.0
26152,5,
26161,5,
26171,5,
26181,5,
26182,5,
26191,1,3.0
26192,5,
26202,5,
26211,5,
26212,5,
26221,5,
26231,5,
26241,5,
26251,5,
26261,5,
26262,5,
26271,5,
26281,1,3.0
26292,5,
26301,5,
26302,5,
26311,5,
26312,5,
26313,5,
26314,5,
26321,1,1.0
26322,5,
26331,1,3.0
26332,1,3.0
26341,5,
26361,1,1.0
26381,5,
26391,5,
26431,5,
26432,5,
26471,5,
26472,5,
26481,5,
26482,5,
26491,5,
26492,5,
26511,1,2.0
26512,5,
26531,5,
26532,5,
26542,5,
26561,5,
26562,5,
26581,1,3.0
26582,5,
26591,5,
26592,1,2.0
26601,5,
26602,1,1.0
26671,1,1.0
26681,1,1.0
26682,5,
26691,5,
26692,5,
26701,1,1.0
26702,1,1.0
26711,5,
26712,1,1.0
26721,1,1.0
26741,1,3.0
26751,5,
26761,5,
26781,5,
26831,5,
26832,5,
26841,5,
26842,5,
26871,5,
26881,5,
26882,5,
26891,5,
26892,5,
26901,5,
26902,5,
26921,5,
26941,5,
26951,5,
26971,5,
26972,5,
27001,5,
27002,5,
27011,5,
27012,5,
27031,5,
27072,5,
27091,5,
27121,1,1.0
27122,1,1.0
27132,5,
27191,5,
27192,5,
27211,5,
27212,5,
27221,5,
27222,1,3.0
27231,1,1.0
27232,5,
27241,5,
27242,1,3.0
27261,1,3.0
27262,5,
27281,5,
27282,1,1.0
27292,1,1.0
27301,5,
27302,5,
27321,5,
27331,5,
27332,5,
27371,5,
27401,5,
27402,5,
27411,5,
27412,5,
27442,5,
27451,1,2.0
27452,1,3.0
27461,1,1.0
27462,5,
27501,1,1.0
27511,5,
27521,5,
27522,5,
27531,1,1.0
27532,1,1.0
27541,5,
27551,5,
27552,1,3.0
27591,5,
27592,5,
27601,1,1.0
27611,5,
27612,1,1.0
27621,5,
27622,5,
27641,5,
27681,5,
27701,5,
27702,5,
27721,5,
27722,1,1.0
27731,5,
27732,5,
27751,5,
27752,1,1.0
27761,1,1.0
27762,1,1.0
27771,5,
27772,5,
27781,5,
27782,1,1.0
27791,1,1.0
27792,1,1.0
27801,1,1.0
27802,1,2.0
27831,5,
27861,5,
27862,1,3.0
27871,1,3.0
27872,1,1.0
27881,5,
27882,5,
27921,1,1.0
27923,5,
27931,1,1.0
27932,5,
27951,1,1.0
27952,1,1.0
27961,1,3.0
27962,5,
27971,5,
27981,5,
27991,1,1.0
27992,1,1.0
28021,5,
28031,5,
28051,5,
28061,1,1.0
28062,1,2.0
28081,5,
28082,1,1.0
28101,1,1.0
28111,5,
28112,5,
28121,5,
28131,1,1.0
28132,5,
28142,5,
28151,5,
28152,1,3.0
28161,5,
28181,5,
28191,5,
28192,1,3.0
28201,1,1.0
28221,5,
28222,5,
28231,5,
28241,5,
28262,1,3.0
28263,1,3.0
28282,5,
28291,5,
28292,5,
28311,5,
28321,5,
28341,5,
28351,5,
28352,5,
28353,5,
28361,5,
28362,5,
28371,5,
28372,5,
28381,5,
28382,5,
28391,5,
28401,5,
28402,5,
28411,5,
28412,5,
28421,5,
28422,5,
28431,5,
28442,5,
28451,5,
28452,5,
28461,1,1.0
28502,5,
28521,5,
28541,5,
28581,5,
28591,5,
28592,5,
28602,5,
28611,5,
28621,5,
28631,5,
28632,5,
28671,1,3.0
28681,1,4.0
28682,1,3.0
28691,5,
28692,5,
28701,5,
28702,5,
28711,1,3.0
28712,5,
28741,5,
28751,5,
28752,5,
28761,5,
28781,1,1.0
28782,5,
28801,5,
28802,5,
28811,5,
28832,5,
28881,1,1.0
28912,5,
28921,1,1.0
28951,5,
28952,1,3.0
28962,5,
28981,5,
28991,1,3.0
28992,1,4.0
29001,5,
29021,5,
29031,5,
29061,5,
29062,5,
29071,5,
29072,5,
29073,5,
29101,5,
29111,5,
29112,5,
29122,5,
29132,5,
29141,5,
29142,5,
29152,5,
29172,5,
29191,1,3.0
29211,1,3.0
29212,5,
29221,5,
29231,1,4.0
29232,1,3.0
29241,5,
29261,1,3.0
29262,1,4.0
29291,1,1.0
29292,1,3.0
29301,5,
29302,5,
29321,5,
29341,5,
29361,5,
29362,5,
29372,5,
29381,1,1.0
29392,5,
29402,5,
29411,5,
29412,1,1.0
29421,5,
29432,5,
29451,1,1.0
29452,5,
29461,5,
29462,5,
29471,5,
29472,1,1.0
29481,1,1.0
29491,5,
29501,5,
29502,5,
29511,5,
29512,5,
29551,5,
29602,5,
29612,5,
29621,1,3.0
29622,5,
29623,5,
29632,5,
29641,1,1.0
29661,5,
29662,5,
29671,5,
29672,1,1.0
29691,1,1.0
29692,1,1.0
29711,5,
29721,5,
29722,5,
29731,1,1.0
29732,5,
29733,5,
29762,1,3.0
29781,5,
29801,5,
29802,5,
29811,5,
29812,1,1.0
29822,5,
29842,5,
29852,5,
29862,5,
29871,1,1.0
29872,1,1.0
29881,1,1.0
29882,1,1.0
29891,1,3.0
29892,5,
29901,5,
29902,5,
29911,5,
29912,5,
29921,5,
29922,5,
29942,5,
29943,5,
29962,5,
29972,5,
29981,5,
30001,5,
30002,5,
30011,1,1.0
30012,5,
30031,1,3.0
30032,5,
30041,5,
30061,1,1.0
30062,5,
30082,1,1.0
30092,5,
30111,5,
30112,5,
30113,5,
30121,5,
30122,5,
30131,5,
30132,5,
30141,5,
30142,5,
30151,1,1.0
30152,5,
30161,5,
30181,5,
30231,1,3.0
30232,1,4.0
30251,5,
30252,5,
30253,5,
30271,1,1.0
30272,1,1.0
30281,5,
30291,5,
30301,5,
30311,5,
30321,5,
30331,5,
30332,5,
30341,5,
30342,5,
30351,5,
30361,5,
30371,1,1.0
30372,5,
30401,5,
30402,1,1.0
30461,5,
30462,5,
30472,5,
30491,5,
30492,5,
30521,1,1.0
30541,5,
30542,5,
30561,5,
30562,5,
30572,5,
30581,1,3.0
30591,5,
30592,5,
30593,5,
30601,1,1.0
30602,5,
30631,5,
30632,1,3.0
30641,5,
30661,5,
30662,5,
30671,1,1.0
30672,1,1.0
30701,5,
30702,5,
30711,1,1.0
30721,1,3.0
30722,5,
30731,5,
30732,5,
30741,5,
30742,5,
30751,5,
30752,5,
30761,1,1.0
30762,5,
30771,5,
30811,5,
30812,5,
30831,5,
30832,1,2.0
30851,1,1.0
30852,1,1.0
30861,1,1.0
30862,5,
30871,1,1.0
30872,5,
30881,1,3.0
30883,5,
30901,5,
30961,5,
30962,5,
31021,5,
31022,5,
31091,5,
31092,5,
31101,5,
31102,5,
31121,5,
31122,5,
31171,5,
31172,5,
31221,5,
31222,5,
31231,5,
31232,5,
31271,5,
31281,5,
31291,5,
31292,5,
31311,1,1.0
31321,5,
31322,5,
31341,5,
31342,1,1.0
31362,5,
31421,1,1.0
31422,5,
31441,5,
31451,5,
31452,5,
31471,5,
31501,1,2.0
31502,1,1.0
31511,5,
31512,5,
31521,1,2.0
31531,5,
31581,1,1.0
31582,1,1.0
31601,1,3.0
31602,1,4.0
31611,5,
31621,5,
31631,5,
31641,5,
31671,5,
31672,5,
31681,5,
31701,5,
31702,5,
31731,5,
31741,5,
31742,1,3.0
31751,5,
31752,5,
31761,5,
31771,5,
31791,5,
31792,1,1.0
31831,5,
31832,5,
31851,1,3.0
31861,1,3.0
31881,5,
31901,5,
31902,5,
31911,5,
31921,1,1.0
31922,5,
31942,5,
31971,1,1.0
31981,5,
32001,5,
32002,5,
32021,5,
32061,5,
32062,5,
32071,5,
32072,5,
32112,5,
32122,5,
32141,5,
32161,1,1.0
32171,1,1.0
32172,5,
32191,5,
32201,1,3.0
32211,1,4.0
32271,1,1.0
32272,5,
32291,5,
32292,5,
32301,5,
32302,5,
32391,5,
32392,1,1.0
32401,5,
32411,1,1.0
32412,1,1.0
32421,5,
32422,1,3.0
32442,5,
32451,5,
32462,1,1.0
32531,5,
32532,5,
32581,5,
32601,1,1.0
32621,5,
32661,5,
32671,5,
32681,1,1.0
32682,5,
32691,5,
32731,5,
32751,5,
32811,5,
32841,5,
32871,5,
32911,5,
32942,5,
32971,1,2.0
32981,5,
32991,5,
32992,5,
33021,5,
33032,1,3.0
33041,5,
33131,5,
33151,1,2.0
33152,1,1.0
33161,5,
33162,1,1.0
33211,5,
33301,1,2.0
33382,5,
33411,5,
33421,5,
33431,5,
33461,5,
33471,5,
33511,5,
33521,5,
33531,5,
33541,5,
33542,5,
33581,1,1.0
33601,5,
33602,5,
33621,5,
33622,5,
33651,5,
33652,1,1.0
33661,5,
33662,5,
33671,1,3.0
33672,5,
33691,5,
33701,5,
33711,5,
33731,5,
33751,1,1.0
33761,1,1.0
33772,5,
33791,5,
33792,5,
33801,5,
33802,5,
33812,1,1.0
33821,5,
33831,5,
33852,1,1.0
33881,1,1.0
33882,1,1.0
33921,5,
33922,5,
33951,5,
33971,1,4.0
34001,5,
34022,5,
34023,5,
34061,5,
34062,5,
34081,5,
34091,5,
34092,5,
34122,5,
34132,1,1.0
34141,5,
34153,5,
34181,1,1.0
34191,5,
34192,1,1.0
34231,5,
34232,5,
34252,5,
34271,5,
34272,5,
34291,5,
34302,5,
34311,1,2.0
34321,5,
34322,5,
34341,5,
34343,5,
34351,5,
34392,5,
34402,5,
34411,5,
34421,5,
34422,5,
34451,5,
34461,1,3.0
34462,5,
34463,5,
34471,1,1.0
34481,1,1.0
34482,5,
34501,5,
34521,5,
34531,5,
34532,1,2.0
34541,1,1.0
34551,5,
34561,5,
34571,5,
34581,1,1.0
34601,5,
34611,5,
34651,5,
34652,5,
34672,5,
34681,5,
34691,5,
34692,1,1.0
34693,5,
34711,5,
34712,5,
34721,5,
34722,1,1.0
34751,5,
34771,5,
34772,5,
34781,5,
34792,5,
34801,1,1.0
34802,5,
34821,5,
34831,5,
34851,1,1.0
34852,5,
34921,1,2.0
34922,1,3.0
34931,1,2.0
34932,1,4.0
34941,5,
34942,5,
34961,1,1.0
34962,5,
34991,1,3.0
34992,5,
34994,5,
35011,1,3.0
35012,5,
35031,1,3.0
35032,5,
35041,5,
35042,1,1.0
35051,5,
35052,5,
35061,1,3.0
35062,1,1.0
35071,1,3.0
35072,5,
35101,1,3.0
35102,5,
35103,5,
35111,5,
35121,5,
35122,5,
35131,5,
35132,1,2.0
35141,5,
35151,1,3.0
35152,1,1.0
35161,5,
35171,1,3.0
35172,5,
35211,1,3.0
35212,5,
35221,5,
35222,5,
35241,5,
35291,5,
35301,5,
35311,1,1.0
35312,5,
35371,5,
35372,1,3.0
35381,1,1.0
35391,5,
35392,1,3.0
35401,5,
35402,1,3.0
35411,1,1.0
35412,1,1.0
35431,5,
35432,5,
35451,5,
35461,5,
35472,5,
35521,1,4.0
35522,1,3.0
35531,5,
35532,5,
35541,5,
35542,1,3.0
35551,5,
35552,5,
35561,5,
35562,5,
35582,5,
35601,5,
35602,5,
35631,5,
35641,5,
35642,5,
35652,5,
35662,5,
35663,1,3.0
35671,5,
35681,1,1.0
35682,1,1.0
35691,5,
35692,5,
35702,5,
35711,5,
35742,5,
35792,5,
35822,5,
35831,5,
35841,5,
35891,5,
35911,1,1.0
35951,5,
35981,5,
36001,5,
36031,1,1.0
36032,1,1.0
36071,5,
36081,5,
36102,5,
36122,5,
36131,5,
36132,1,1.0
36134,5,
36151,5,
36171,1,3.0
36181,5,
36182,5,
36191,5,
36192,5,
36251,5,
36321,5,
36341,5,
36342,5,
36351,1,1.0
36352,1,1.0
36371,5,
36401,5,
36402,5,
36412,1,1.0
36422,5,
36441,5,
36442,5,
36461,5,
36481,1,1.0
36482,1,1.0
36561,5,
36562,5,
36592,5,
36611,5,
36612,5,
36632,5,
36701,1,1.0
36751,5,
36763,5,
36771,5,
36782,5,
36801,5,
36802,5,
36821,5,
36822,5,
36831,5,
36851,5,
36852,5,
36881,5,
36891,5,
36892,1,1.0
36951,5,
36952,5,
36961,5,
36971,1,3.0
36981,5,
36991,1,1.0
36992,1,1.0
36993,5,
37001,1,3.0
37041,5,
37061,5,
37062,5,
37071,5,
37072,5,
37081,1,3.0
37082,5,
37091,1,1.0
37101,5,
37112,1,1.0
37121,5,
37131,5,
37132,5,
37151,1,1.0
37152,1,1.0
37181,5,
37182,5,
37191,1,1.0
37192,1,1.0
37202,5,
37211,1,1.0
37221,5,
37231,5,
37232,5,
37241,5,
37262,5,
37271,5,
37272,5,
37281,5,
37282,5,
37331,5,
37342,1,3.0
37461,5,
37491,5,
37492,1,3.0
37511,5,
37531,5,
37561,1,1.0
37562,1,3.0
37571,5,
37581,5,
37583,5,
37591,1,1.0
37592,5,
37621,5,
37641,5,
37642,5,
37691,5,
37712,1,1.0
37732,1,1.0
37741,5,
37742,1,1.0
37761,5,
37771,1,1.0
37772,1,3.0
37791,5,
37801,5,
37802,5,
37811,5,
37812,5,
37821,5,
37822,5,
37851,1,1.0
37852,1,1.0
37871,5,
37901,1,1.0
37902,1,1.0
37921,5,
37922,5,
37931,5,
37932,5,
38011,5,
38012,1,1.0
38021,5,
38022,5,
38031,5,
38032,5,
38041,5,
38042,5,
38051,5,
38061,1,1.0
38062,1,1.0
38071,1,1.0
38072,1,1.0
38091,5,
38092,5,
38101,5,
38102,5,
38112,5,
38121,5,
38122,5,
38131,5,
38141,5,
38142,5,
38152,5,
38162,1,3.0
38163,5,
38172,5,
38181,5,
38182,5,
38192,1,1.0
38201,5,
38212,5,
38213,5,
38221,5,
38222,5,
38232,5,
38242,5,
38252,5,
38261,5,
38271,1,1.0
38281,1,3.0
38282,5,
38291,5,
38292,5,
38342,5,
38351,1,3.0
38362,5,
38381,5,
38382,5,
38401,5,
38421,1,1.0
38431,5,
38432,5,
38442,5,
38491,5,
38511,5,
38541,5,
38542,1,1.0
38552,5,
38571,5,
38572,5,
38581,5,
38582,5,
38601,1,1.0
38611,1,2.0
38612,5,
38621,5,
38622,5,
38631,1,2.0
38651,5,
38652,5,
38691,1,1.0
38692,5,
38721,5,
38723,1,1.0
38771,5,
38772,5,
38801,5,
38802,5,
38811,5,
38821,5,
38831,5,
38841,5,
38871,5,
38872,5,
38881,1,1.0
38882,5,
38891,5,
38921,5,
38922,5,
38941,5,
38951,5,
38952,5,
38961,5,
38962,5,
38972,5,
38982,5,
38991,5,
38992,5,
39001,5,
39002,1,1.0
39011,1,1.0
39012,5,
39031,5,
39051,5,
39081,5,
39082,5,
39092,5,
39111,5,
39132,5,
39142,5,
39151,5,
39152,5,
39162,5,
39171,1,4.0
39181,5,
39192,5,
39201,5,
39202,5,
39211,5,
39241,1,2.0
39242,5,
39261,5,
39262,5,
39281,5,
39301,1,1.0
39302,5,
39311,1,4.0
39312,1,3.0
39321,5,
39322,1,3.0
39331,5,
39341,5,
39401,1,3.0
39402,1,3.0
39441,5,
39442,5,
39471,5,
39493,5,
39501,5,
39511,5,
39581,5,
39582,5,
39601,5,
39602,5,
39611,5,
39612,5,
39621,5,
39622,5,
39651,5,
39661,5,
39671,1,1.0
39672,1,1.0
39731,1,1.0
39751,5,
39761,5,
39771,5,
39772,5,
39781,5,
39801,5,
39811,1,3.0
39812,1,1.0
39821,5,
39831,5,
39832,5,
39841,1,1.0
39851,5,
39871,5,
39872,1,3.0
39881,1,3.0
39882,5,
39891,1,3.0
39892,5,
39902,5,
39912,5,
39921,5,
39922,5,
39941,5,
39951,5,
39961,5,
39962,5,
39971,5,
39972,1,1.0
39981,5,
39982,5,
39992,1,1.0
40011,1,1.0
40021,1,3.0
40022,5,
40041,1,3.0
40042,1,4.0
40051,1,3.0
40052,1,3.0
40061,5,
40062,1,1.0
40081,5,
40082,5,
40091,1,3.0
40101,5,
40102,5,
40111,5,
40112,5,
40142,5,
40151,1,2.0
40152,5,
40162,5,
40181,5,
40182,5,
40191,1,1.0
40192,1,1.0
40193,5,
40241,5,
40251,5,
40252,1,1.0
40253,5,
40272,5,
40282,1,1.0
40311,5,
40312,5,
40332,5,
40342,5,
40352,5,
40371,5,
40372,5,
40382,1,1.0
40392,5,
40401,5,
40402,5,
40411,5,
40413,1,1.0
40414,5,
40421,5,
40422,1,1.0
40423,1,3.0
40431,1,1.0
40432,1,3.0
40441,5,
40442,1,1.0
40461,5,
40462,5,
40471,5,
40472,5,
40482,5,
40492,5,
40512,5,
40521,1,3.0
40522,5,
40541,5,
40542,5,
40561,1,1.0
40562,1,1.0
40581,1,3.0
40592,5,
40622,5,
40631,5,
40632,5,
40671,1,1.0
40701,5,
40711,1,3.0
40712,1,1.0
40723,1,1.0
40731,1,3.0
40751,1,3.0
40762,5,
40763,5,
40772,5,
40773,5,
40781,1,1.0
40801,5,
40802,5,
40811,5,
40821,5,
40841,1,1.0
40862,5,
40872,5,
40881,5,
40891,1,1.0
40902,5,
40934,5,
40942,1,1.0
40951,1,3.0
40952,5,
40961,5,
40971,1,3.0
40981,5,
40982,1,1.0
40991,5,
41011,5,
41022,5,
41031,1,3.0
41041,1,3.0
41042,1,4.0
41051,5,
41061,5,
41062,5,
41082,5,
41101,5,
41102,5,
41111,5,
41112,5,
41121,5,
41122,1,1.0
41141,5,
41151,1,1.0
41152,5,
41161,5,
41171,1,1.0
41181,5,
41182,5,
41192,5,
41221,5,
41231,5,
41241,5,
41242,5,
41261,5,
41262,5,
41263,1,3.0
41264,1,4.0
41272,5,
41281,5,
41282,5,
41292,5,
41301,1,3.0
41302,1,4.0
41321,5,
41331,5,
41342,1,1.0
41351,5,
41361,1,3.0
41381,5,
41382,5,
41391,1,1.0
41392,5,
41403,5,
41404,1,1.0
41412,1,3.0
41431,5,
41451,5,
41461,5,
41462,1,3.0
41471,1,3.0
41472,1,4.0
41481,5,
41482,5,
41502,5,
41504,5,
41511,5,
41521,1,1.0
41531,1,3.0
41541,5,
41542,5,
41551,1,1.0
41552,5,
41561,1,1.0
41562,1,1.0
41571,1,3.0
41572,1,3.0
41581,1,3.0
41591,5,
41601,5,
41602,1,1.0
41621,5,
41622,5,
41641,5,
41651,5,
41652,1,1.0
41682,1,1.0
41691,5,
41692,5,
41701,5,
41702,5,
41732,5,
41801,5,
41831,5,
41832,5,
41841,5,
41851,5,
41891,5,
41892,1,3.0
41921,5,
41931,5,
41941,1,1.0
41942,5,
41961,5,
41962,5,
41981,1,3.0
41982,5,
41991,1,4.0
41992,1,4.0
42011,1,4.0
42012,1,3.0
42021,1,1.0
42022,1,1.0
42032,5,
42041,5,
42042,5,
42071,1,1.0
42081,5,
42092,5,
42101,1,3.0
42102,1,1.0
42111,1,3.0
42112,5,
42121,5,
42122,1,1.0
42131,5,
42132,5,
42141,5,
42142,1,1.0
42161,5,
42191,1,3.0
42192,1,4.0
42202,5,
42203,5,
42211,1,4.0
42212,1,3.0
42213,5,
42231,5,
42241,5,
42242,5,
42251,1,1.0
42252,5,
42271,5,
42281,1,3.0
42282,1,2.0
42283,5,
42311,5,
42312,1,3.0
42331,5,
42332,5,
42341,5,
42342,5,
42351,5,
42352,5,
42361,5,
42362,5,
42381,5,
42382,5,
42402,5,
42411,5,
42413,1,1.0
42421,5,
42422,1,1.0
42431,5,
42432,5,
42451,1,1.0
42452,1,1.0
42461,5,
42472,5,
42481,5,
42491,1,3.0
42492,5,
42502,5,
42503,1,1.0
42522,5,
42531,1,4.0
42571,5,
42581,1,3.0
42601,1,1.0
42621,5,
42631,5,
42632,5,
42641,5,
42651,1,1.0
42652,5,
42661,5,
42662,1,3.0
42671,1,3.0
42672,5,
42681,1,1.0
42682,1,3.0
42691,5,
42692,5,
42702,5,
42711,5,
42712,5,
42721,1,3.0
42722,1,4.0
42731,1,3.0
42732,5,
42733,1,1.0
42741,5,
42742,5,
42751,1,1.0
42752,5,
42761,1,3.0
42762,1,3.0
42771,5,
42772,5,
42791,5,
42792,5,
42801,5,
42802,5,
42831,5,
42852,5,
42861,1,1.0
42871,5,
42872,5,
42882,5,
42891,5,
42902,1,3.0
42921,5,
42922,5,
42941,1,3.0
42942,5,
42951,1,3.0
42952,1,4.0
42961,1,3.0
42962,1,4.0
42971,5,
42972,5,
42981,5,
42991,1,3.0
42992,1,1.0
43001,5,
43002,1,1.0
43021,5,
43022,1,1.0
43032,5,
43051,5,
43052,5,
43062,5,
43072,5,
43081,5,
43082,5,
43091,5,
43092,1,3.0
43101,5,
43111,5,
43122,1,3.0
43131,5,
43132,5,
43141,5,
43142,5,
43181,1,1.0
43191,5,
43192,5,
43211,5,
43221,1,3.0
43271,5,
43272,5,
43282,1,1.0
43291,5,
43301,5,
43302,1,1.0
43312,5,
43331,5,
43341,5,
43342,5,
43371,5,
43372,5,
43381,5,
43382,5,
43391,5,
43392,5,
43402,5,
43411,5,
43412,5,
43461,5,
43511,1,1.0
43512,1,1.0
43521,5,
43522,5,
43531,5,
43541,5,
43551,5,
43561,1,2.0
43562,1,1.0
43601,5,
43611,5,
43631,5,
43632,5,
43641,5,
43642,5,
43652,5,
43661,5,
43671,5,
43672,5,
43691,5,
43712,1,1.0
43721,5,
43732,1,1.0
43741,5,
43751,1,1.0
43771,5,
43781,1,1.0
43801,5,
43802,5,
43811,1,1.0
43831,5,
43832,5,
43861,1,1.0
43871,1,3.0
43872,1,3.0
43901,1,1.0
43991,5,
44001,5,
44011,5,
44061,5,
44071,5,
44072,5,
44081,5,
44091,5,
44092,5,
44101,5,
44102,5,
44112,5,
44121,5,
44122,5,
44141,5,
44151,5,
44152,5,
44162,5,
44171,5,
44191,5,
44211,5,
44212,5,
44221,5,
44222,5,
44231,5,
44232,5,
44241,5,
44243,1,3.0
44244,5,
44251,5,
44252,5,
44261,5,
44301,1,1.0
44302,1,3.0
44331,5,
44332,5,
44351,5,
44352,5,
44361,5,
44362,5,
44371,1,3.0
44391,5,
44392,5,
44411,5,
44412,5,
44431,5,
44432,1,1.0
44451,5,
44461,5,
44462,5,
44472,5,
44491,5,
44511,1,3.0
44512,5,
44521,5,
44522,5,
44532,5,
44551,5,
44552,5,
44561,5,
44562,1,1.0
44571,5,
44581,1,3.0
44582,5,
44591,5,
44611,1,3.0
44612,5,
44621,5,
44631,1,3.0
44642,5,
44651,5,
44652,5,
44671,5,
44692,5,
44701,5,
44722,5,
44731,5,
44732,5,
44741,5,
44742,5,
44751,5,
44752,5,
44791,1,3.0
44792,5,
44802,5,
44803,1,3.0
44812,5,
44821,5,
44831,1,3.0
44832,1,4.0
44841,5,
44851,1,1.0
44871,1,3.0
44881,5,
44902,5,
44931,1,4.0
44932,1,3.0
44941,5,
44951,5,
44952,5,
44961,1,3.0
44962,5,
44971,5,
44982,5,
45001,5,
45011,5,
45041,1,3.0
45042,1,4.0
45051,5,
45081,5,
45082,5,
45091,5,
45092,5,
45111,5,
45112,1,1.0
45121,1,3.0
45122,1,3.0
45131,5,
45141,5,
45151,5,
45152,5,
45171,1,3.0
45172,5,
45191,5,
45192,5,
45212,5,
45232,5,
45251,5,
45252,5,
45261,5,
45262,5,
45271,5,
45281,1,3.0
45282,5,
45291,5,
45321,5,
45322,5,
45331,5,
45332,5,
45341,5,
45352,5,
45353,1,3.0
45361,1,3.0
45362,1,4.0
45371,5,
45372,5,
45381,1,3.0
45391,5,
45401,5,
45431,5,
45461,5,
45481,5,
45482,5,
45491,5,
45492,5,
45501,5,
45512,5,
45522,5,
45541,5,
45561,5,
45572,1,3.0
45581,5,
45582,5,
45592,5,
45601,1,3.0
45612,5,
45621,5,
45622,5,
45631,5,
45632,5,
45641,5,
45651,5,
45652,5,
45661,5,
45662,5,
45671,5,
45691,5,
45692,5,
45701,5,
45702,5,
45732,5,
45751,5,
45752,5,
45801,1,1.0
45802,5,
45831,1,1.0
45832,1,1.0
45871,1,2.0
45881,5,
45882,5,
45901,5,
45911,5,
45921,5,
45931,5,
45941,5,
45951,5,
45952,5,
45971,5,
45972,5,
45981,5,
45982,5,
45991,5,
45992,5,
46002,5,
46011,5,
46012,5,
46031,5,
46061,5,
46062,1,1.0
46072,1,3.0
46081,1,3.0
46082,5,
46093,5,
46121,1,3.0
46131,5,
46141,1,3.0
46151,1,3.0
46152,1,4.0
46163,1,3.0
46182,5,
46202,1,3.0
46221,1,1.0
46222,5,
46231,5,
46232,5,
46241,5,
46242,5,
46252,5,
46262,5,
46272,5,
46281,5,
46282,5,
46284,5,
46291,1,3.0
46292,5,
46302,5,
46303,5,
46311,5,
46312,5,
46331,5,
46332,5,
46352,5,
46381,5,
46382,5,
46392,5,
46411,5,
46412,5,
46431,1,3.0
46432,5,
46441,5,
46442,5,
46451,5,
46452,5,
46462,5,
46481,1,3.0
46482,1,4.0
46492,5,
46511,1,1.0
46512,5,
46513,5,
46531,1,3.0
46532,1,4.0
46534,5,
46551,5,
46552,1,4.0
46581,5,
46582,5,
46591,5,
46601,5,
46621,5,
46631,1,1.0
46632,5,
46641,1,1.0
46642,5,
46651,1,3.0
46652,1,4.0
46672,5,
46691,1,3.0
46702,5,
46721,1,3.0
46722,1,4.0
46732,1,3.0
46733,1,4.0
46741,5,
46751,1,3.0
46752,1,4.0
46761,5,
46771,5,
46772,5,
46781,5,
46782,5,
46801,5,
46812,5,
46821,5,
46823,5,
46831,1,3.0
46832,1,4.0
46841,5,
46881,5,
46882,5,
46911,5,
46912,5,
46921,5,
46951,5,
46952,5,
46981,1,3.0
46982,1,4.0
47012,1,1.0
47021,5,
47022,5,
47031,5,
47032,5,
47041,5,
47042,5,
47061,5,
47062,5,
47071,5,
47091,1,3.0
47092,5,
47101,5,
47111,5,
47131,1,4.0
47132,1,3.0
47141,5,
47142,1,3.0
47151,1,3.0
47152,5,
47171,1,3.0
47172,1,4.0
47191,1,3.0
47211,5,
47221,5,
47222,5,
47224,5,
47232,1,3.0
47241,1,3.0
47242,5,
47252,1,3.0
47261,1,3.0
47262,1,1.0
47291,5,
47292,5,
47302,1,1.0
47331,5,
47332,5,
47351,5,
47352,5,
47362,5,
47391,5,
47411,5,
47412,5,
47431,1,3.0
47432,5,
47441,5,
47442,5,
47461,5,
47462,5,
47471,1,2.0
47472,5,
47481,1,3.0
47482,1,4.0
47484,5,
47511,5,
47512,5,
47542,5,
47552,5,
47561,5,
47562,1,3.0
47601,5,
47603,5,
47611,5,
47612,5,
47631,5,
47632,5,
47641,5,
47642,5,
47651,5,
47652,5,
47661,5,
47681,5,
47682,5,
47701,5,
47712,5,
47721,5,
47722,5,
47732,5,
47742,5,
47761,5,
47762,5,
47771,5,
47772,5,
47782,5,
47791,5,
47801,5,
47802,5,
47812,5,
47821,1,1.0
47822,1,4.0
47842,1,3.0
47891,1,3.0
47892,1,4.0
47901,5,
47902,5,
47931,1,4.0
47932,1,3.0
47962,5,
47972,5,
48001,1,3.0
48002,1,4.0
48011,1,3.0
48012,1,4.0
48022,5,
48031,1,3.0
48041,5,
48042,1,4.0
48051,1,3.0
48052,1,4.0
48061,5,
48062,5,
48071,5,
48072,5,
48082,5,
48101,1,3.0
48102,1,4.0
48111,5,
48112,5,
48121,5,
48122,5,
48132,5,
48133,5,
48134,5,
48141,5,
48142,5,
48161,1,3.0
48162,1,4.0
48171,1,4.0
48172,1,3.0
48182,5,
48191,1,4.0
48192,1,3.0
48212,5,
48213,1,3.0
48214,1,4.0
48231,1,3.0
48271,5,
48292,5,
48301,1,3.0
48302,5,
48303,5,
48321,1,3.0
48322,5,
48331,1,3.0
48332,5,
48341,5,
48342,5,
48351,5,
48352,1,1.0
48361,1,3.0
48362,1,1.0
48371,1,1.0
48372,1,1.0
48381,1,3.0
48382,5,
48391,1,1.0
48401,5,
48402,5,
48421,1,2.0
48432,5,
48451,1,3.0
48461,5,
48481,5,
48482,5,
48491,5,
48511,1,1.0
48531,5,
48532,1,1.0
48541,5,
48542,5,
48601,5,
48602,1,3.0
48621,1,1.0
48641,5,
48642,1,1.0
48661,1,1.0
48662,1,1.0
48671,1,3.0
48672,1,4.0
48681,1,1.0
48691,5,
48692,1,1.0
48701,1,4.0
48702,1,3.0
48711,1,1.0
48731,1,1.0
48741,1,1.0
48742,5,
48751,1,3.0
48752,1,4.0
48761,5,
48762,1,1.0
48771,5,
48781,5,
48791,1,1.0
48792,1,1.0
48831,1,3.0
48832,1,4.0
48841,1,3.0
48881,1,3.0
48891,5,
48901,5,
48902,5,
48941,5,
48942,5,
48951,5,
48952,5,
48961,5,
48962,5,
48971,5,
48972,1,1.0
48981,5,
48982,1,1.0
48991,1,3.0
48992,1,4.0
49001,5,
49002,1,1.0
49011,5,
49021,1,1.0
49031,5,
49032,5,
49071,1,1.0
49111,5,
49131,1,1.0
49132,1,1.0
49141,5,
49142,5,
49171,5,
49172,5,
49191,5,
49192,1,1.0
49221,1,1.0
49222,1,1.0
49241,1,3.0
49242,1,4.0
49251,5,
49252,5,
49261,1,1.0
49272,5,
49282,1,1.0
49291,1,1.0
49292,1,1.0
49302,5,
49341,5,
49352,5,
49353,1,1.0
49411,5,
49422,1,3.0
49423,1,1.0
49431,5,
49432,5,
49441,5,
49442,5,
49451,5,
49452,5,
49462,5,
49471,1,1.0
49501,5,
49521,1,1.0
49522,1,1.0
49531,5,
49541,1,1.0
49551,1,3.0
49552,5,
49561,1,1.0
49562,1,1.0
49571,1,3.0
49572,1,4.0
49591,5,
49592,5,
49601,1,1.0
49602,5,
49611,1,1.0
49612,1,3.0
49622,5,
49681,5,
49682,1,1.0
49691,5,
49692,5,
49711,5,
49731,5,
49742,5,
49761,5,
49762,5,
49771,5,
49812,5,
49841,1,1.0
49842,5,
49851,5,
49852,5,
49861,5,
49862,5,
49871,1,1.0
49872,1,3.0
49881,5,
49882,5,
49891,1,3.0
49892,5,
49901,1,3.0
49902,5,
49911,5,
49912,1,1.0
49921,5,
49951,5,
49961,5,
49962,5,
49982,5,
49991,5,
50001,5,
50002,5,
50021,1,1.0
50022,5,
50042,5,
50051,5,
50071,1,3.0
50072,1,4.0
50111,1,3.0
50112,1,4.0
50121,5,
50122,5,
50132,5,
50133,5,
50141,1,2.0
50142,1,2.0
50151,1,4.0
50152,1,3.0
50161,5,
50162,1,3.0
50172,1,1.0
50181,1,3.0
50201,1,1.0
50202,5,
50212,5,
50231,5,
50241,1,1.0
50251,5,
50252,5,
50271,5,
50282,5,
50302,5,
50311,5,
50331,5,
50332,5,
50341,5,
50351,5,
50361,1,3.0
50362,1,4.0
50392,5,
50411,1,3.0
50412,1,4.0
50421,5,
50432,5,
50433,1,3.0
50442,1,3.0
50451,5,
50452,5,
50471,1,1.0
50492,5,
50502,5,
50511,5,
50521,5,
50531,1,3.0
50532,1,1.0
50541,5,
50542,5,
50551,1,1.0
50561,5,
50562,1,1.0
50581,5,
50591,5,
50592,5,
50611,1,1.0
50621,1,3.0
50641,1,3.0
50642,1,1.0
50661,5,
50671,1,4.0
50681,5,
50682,5,
50691,5,
50711,1,3.0
50712,1,4.0
50731,1,3.0
50732,1,1.0
50741,1,3.0
50742,1,4.0
50771,5,
50782,5,
50801,5,
50802,5,
50812,5,
50831,5,
50832,5,
50841,5,
50862,5,
50872,5,
50882,5,
50891,1,3.0
50892,1,1.0
50901,5,
50911,5,
50931,5,
50942,5,
50951,5,
50961,5,
50962,1,3.0
50971,1,3.0
50991,1,2.0
51011,1,3.0
51012,1,1.0
51042,5,
51051,5,
51061,5,
51071,5,
51072,5,
51101,5,
51141,1,1.0
51162,5,
51171,5,
51172,5,
51191,5,
51211,1,4.0
51212,1,3.0
51231,5,
51242,1,4.0
51271,1,1.0
51272,1,1.0
51302,5,
51311,5,
51312,5,
51322,5,
51341,5,
51342,5,
51361,1,1.0
51371,1,3.0
51372,1,1.0
51382,5,
51391,5,
51401,5,
51402,5,
51421,1,1.0
51431,1,1.0
51451,1,3.0
51452,1,4.0
51461,5,
51462,1,3.0
51471,5,
51481,5,
51482,1,3.0
51492,5,
51501,5,
51511,1,3.0
51521,1,1.0
51551,5,
51571,5,
51592,5,
51601,5,
51612,5,
51621,5,
51622,5,
51651,5,
51661,5,
51671,1,3.0
51672,5,
51702,1,3.0
51721,5,
51722,5,
51731,1,3.0
51732,5,
51751,5,
51752,5,
51771,1,1.0
51781,5,
51782,1,1.0
51792,5,
51801,5,
51802,5,
51821,5,
51822,1,3.0
51851,1,1.0
51852,5,
51861,5,
51862,1,3.0
51901,5,
51911,5,
51912,5,
51921,5,
51922,5,
51931,5,
51932,5,
51951,1,1.0
51952,1,1.0
51971,5,
51972,1,1.0
51991,5,
52001,5,
52011,5,
52031,5,
52032,1,1.0
52041,1,1.0
52051,1,1.0
52052,1,3.0
52061,5,
52071,5,
52072,5,
52081,5,
52091,5,
52092,5,
52102,5,
52111,1,1.0
52112,5,
52122,1,3.0
52131,5,
52141,5,
52142,5,
52151,5,
52172,5,
52181,5,
52201,5,
52202,5,
52211,1,3.0
52212,5,
52231,5,
52232,1,3.0
52252,5,
52272,1,3.0
52281,5,
52291,5,
52301,5,
52321,1,1.0
52322,5,
52371,1,1.0
52372,1,1.0
52392,5,
52431,5,
52441,5,
52442,1,1.0
52461,5,
52471,1,3.0
52481,1,1.0
52482,1,1.0
52491,1,4.0
52492,1,3.0
52501,1,4.0
52502,1,3.0
52511,5,
52512,5,
52521,5,
52522,5,
52531,5,
52532,5,
52561,5,
52562,5,
52581,1,4.0
52582,1,4.0
52601,5,
52611,5,
52631,5,
52652,5,
52661,5,
52671,5,
52672,5,
52681,5,
52682,1,1.0
52691,5,
52692,5,
52701,5,
52722,5,
52731,1,3.0
52732,1,3.0
52741,5,
52742,5,
52751,5,
52752,5,
52762,1,1.0
52763,1,1.0
52772,5,
52811,1,1.0
52812,1,1.0
52831,5,
52832,5,
52841,1,3.0
52842,1,4.0
52871,5,
52892,5,
52893,5,
52902,5,
52911,5,
52922,1,3.0
52942,1,3.0
52952,5,
52962,5,
52972,5,
52982,5,
52991,5,
52992,5,
53011,1,1.0
53012,1,3.0
53041,5,
53042,5,
53051,5,
53052,5,
53062,5,
53081,5,
53092,5,
53111,5,
53112,1,1.0
53131,5,
53132,5,
53142,5,
53161,5,
53171,5,
53181,5,
53182,1,3.0
53191,5,
53212,1,1.0
53222,1,1.0
53271,1,3.0
53272,1,4.0
53282,1,3.0
53283,1,4.0
53291,1,3.0
53301,1,3.0
53302,5,
53311,5,
53322,5,
53332,5,
53381,5,
53421,5,
53422,5,
53431,5,
53441,5,
53442,1,3.0
53451,1,3.0
53452,5,
53481,5,
53482,5,
53511,5,
53512,1,3.0
53521,5,
53561,5,
53562,5,
53581,1,1.0
53602,5,
53611,5,
53621,5,
53631,5,
53632,5,
53651,1,1.0
53661,1,3.0
53671,1,4.0
53681,5,
53711,5,
53731,5,
53741,1,3.0
53751,5,
53761,5,
53781,5,
53801,5,
53802,5,
53811,1,1.0
53831,5,
53832,5,
53841,5,
53842,1,4.0
53851,1,3.0
53861,1,4.0
53862,1,3.0
53871,1,3.0
53872,5,
53881,5,
53891,5,
53892,5,
53911,5,
53932,5,
53951,5,
53952,1,1.0
53982,5,
53991,5,
54001,5,
54002,5,
54011,5,
54021,5,
54022,5,
54042,5,
54071,1,3.0
54072,1,4.0
54082,5,
54141,1,1.0
54142,5,
54151,5,
54162,5,
54172,5,
54181,5,
54182,5,
54231,5,
54232,5,
54241,5,
54251,5,
54262,5,
54281,5,
54282,5,
54291,5,
54292,5,
54301,5,
54311,5,
54332,1,3.0
54341,1,4.0
54342,1,3.0
54351,5,
54352,5,
54361,5,
54362,1,1.0
54371,5,
54381,1,1.0
54391,1,1.0
54392,1,2.0
54421,5,
54423,5,
54451,5,
54452,5,
54462,5,
54471,5,
54472,5,
54481,5,
54482,5,
54491,1,1.0
54492,5,
54501,5,
54502,5,
54521,5,
54522,5,
54531,5,
54532,5,
54551,1,3.0
54552,5,
54581,5,
54591,5,
54601,5,
54621,1,1.0
54631,1,4.0
54671,1,3.0
54691,5,
54692,5,
54701,5,
54702,5,
54712,5,
54721,5,
54722,5,
54731,5,
54732,1,1.0
54741,5,
54742,5,
54751,5,
54752,5,
54771,1,4.0
54772,1,2.0
54781,5,
54782,5,
54801,5,
54802,5,
54811,5,
54812,5,
54831,5,
54832,5,
54841,5,
54842,5,
54861,5,
54941,5,
54942,1,3.0
54971,1,3.0
54982,1,3.0
54991,1,3.0
55001,1,3.0
55002,1,3.0
55032,1,3.0
55052,1,3.0
55053,5,
55061,1,3.0
55062,1,4.0
55091,5,
55092,1,3.0
55111,5,
55131,1,3.0
55222,1,3.0
55242,1,3.0
55271,5,
55272,5,
55281,1,3.0
55282,1,3.0
55291,5,
55292,5,
55311,1,1.0
55331,1,4.0
55332,1,3.0
55341,5,
55351,1,1.0
55361,5,
55362,1,2.0
55401,5,
55402,5,
55421,5,
55441,1,3.0
55442,5,
55451,1,4.0
55452,1,3.0
55481,5,
55491,5,
55511,5,
55521,5,
55522,1,3.0
55542,5,
55561,1,3.0
55562,1,4.0
55563,5,
55571,1,3.0
55572,1,4.0
55581,1,3.0
55582,5,
55591,5,
55601,1,3.0
55611,5,
55612,5,
55631,1,1.0
55632,1,3.0
55641,5,
55642,5,
55651,5,
55652,5,
55661,1,1.0
55671,1,4.0
55672,5,
55681,1,3.0
55682,5,
55711,1,1.0
55721,5,
55731,5,
55741,1,1.0
55761,5,
55762,5,
55771,5,
55772,5,
55781,5,
55791,5,
55792,5,
55802,5,
55811,5,
55831,5,
55832,5,
55841,5,
55842,5,
55861,1,1.0
55902,1,3.0
55941,5,
55961,5,
55991,1,3.0
56001,1,3.0
56002,1,4.0
56031,1,3.0
56032,1,4.0
56051,5,
56052,5,
56062,5,
56063,1,1.0
56071,1,3.0
56072,1,4.0
56111,5,
56121,1,1.0
56132,5,
56181,5,
56182,1,1.0
56193,1,1.0
56251,5,
56271,1,4.0
56272,1,3.0
56301,5,
56311,1,1.0
56312,1,3.0
56313,5,
56321,1,3.0
56322,1,4.0
56381,1,1.0
56402,5,
56421,5,
56422,1,1.0
56441,1,3.0
56442,1,4.0
56444,5,
56451,1,3.0
56452,1,3.0
56471,1,3.0
56472,1,3.0
56481,5,
56482,1,1.0
56491,1,3.0
56492,1,1.0
56501,5,
56502,5,
56511,1,1.0
56521,1,4.0
56522,1,3.0
56531,1,1.0
56541,1,1.0
56551,1,3.0
56571,5,
56572,5,
56581,5,
56582,5,
56591,5,
56592,5,
56601,5,
56611,1,2.0
56622,5,
56632,5,
56661,5,
56662,5,
56671,5,
56681,5,
56691,5,
56721,5,
56722,1,1.0
56731,5,
56761,1,3.0
56771,1,1.0
56772,5,
56781,1,3.0
56811,1,3.0
56841,1,4.0
56851,1,3.0
56852,1,4.0
56881,5,
56882,5,
56912,1,3.0
56931,5,
56932,1,3.0
56951,5,
56952,5,
56953,5,
56991,1,3.0
56992,1,4.0
57011,5,
57012,5,
57031,1,3.0
57032,1,3.0
57051,5,
57052,5,
57061,1,3.0
57062,1,1.0
57071,5,
57081,5,
57082,5,
57111,5,
57131,5,
57132,5,
57161,5,
57162,5,
57171,1,4.0
57191,5,
57192,5,
57202,1,1.0
57211,5,
57212,5,
57221,1,3.0
57231,1,3.0
57242,5,
57251,1,4.0
57252,1,4.0
57271,1,3.0
57272,5,
57281,1,3.0
57282,1,4.0
57291,5,
57292,1,3.0
57301,1,3.0
57311,5,
57321,1,4.0
57322,1,3.0
57331,5,
57332,1,3.0
57351,1,3.0
57352,1,4.0
57382,5,
57391,5,
57392,5,
57401,5,
57402,5,
57421,5,
57431,5,
57441,5,
57442,1,1.0
57451,1,3.0
57452,1,4.0
57471,5,
57481,1,3.0
57482,1,4.0
57492,1,3.0
57493,1,3.0
57521,1,3.0
57522,1,4.0
57561,1,3.0
57562,1,4.0
57572,5,
57583,5,
57591,1,3.0
57601,5,
57602,5,
57612,5,
57621,5,
57641,1,1.0
57642,1,3.0
57661,5,
57662,5,
57671,1,3.0
57672,5,
57681,1,3.0
57682,1,3.0
57702,5,
57711,1,1.0
57721,1,3.0
57722,1,4.0
57734,5,
57752,5,
57761,1,3.0
57771,5,
57782,5,
57783,5,
57791,1,1.0
57792,1,1.0
57801,5,
57802,5,
57841,5,
57842,5,
57861,1,3.0
57862,1,3.0
57871,5,
57881,1,1.0
57902,5,
57921,1,3.0
57922,5,
57931,5,
57951,5,
57962,5,
57972,5,
57981,5,
57982,5,
58021,5,
58022,5,
58082,5,
58091,5,
58101,5,
58102,1,1.0
58111,5,
58121,5,
58122,5,
58131,5,
58132,1,1.0
58152,1,1.0
58161,1,1.0
58162,5,
58191,1,1.0
58192,5,
58201,5,
58202,5,
58212,5,
58223,5,
58231,5,
58241,5,
58242,5,
58251,5,
58261,5,
58271,5,
58272,1,1.0
58281,5,
58311,1,1.0
58321,1,1.0
58322,5,
58352,5,
58371,5,
58372,5,
58381,1,1.0
58391,5,
58392,5,
58401,1,1.0
58411,5,
58412,5,
58421,1,2.0
58422,5,
58431,5,
58461,5,
58462,5,
58471,5,
58482,5,
58491,5,
58502,5,
58521,5,
58551,5,
58561,5,
58562,5,
58571,5,
58572,5,
58591,5,
58612,1,1.0
58641,5,
58671,1,3.0
58672,1,4.0
58681,5,
58691,5,
58701,5,
58711,5,
58712,5,
58722,1,3.0
58731,5,
58732,5,
58741,5,
58742,5,
58751,5,
58752,5,
58761,5,
58762,5,
58781,5,
58782,1,2.0
58791,1,1.0
58801,5,
58802,5,
58811,5,
58812,5,
58821,5,
58822,5,
58871,5,
58872,5,
58891,5,
58892,5,
58901,5,
58911,5,
58921,5,
58931,5,
58941,5,
58951,5,
58952,5,
58972,5,
59001,1,1.0
59002,5,
59021,5,
59022,5,
59031,1,1.0
59041,5,
59061,5,
59062,5,
59071,5,
59081,1,1.0
59082,1,3.0
59121,1,1.0
59122,5,
59131,5,
59141,1,1.0
59142,5,
59152,5,
59161,1,1.0
59162,1,1.0
59191,5,
59221,1,3.0
59222,5,
59242,5,
59262,5,
59271,5,
59292,5,
59311,5,
59312,5,
59321,5,
59331,1,1.0
59332,1,1.0
59341,1,1.0
59343,5,
59351,1,1.0
59352,1,1.0
59372,5,
59381,1,1.0
59382,1,1.0
59391,1,3.0
59392,5,
59401,5,
59402,5,
59421,5,
59431,1,3.0
59432,1,4.0
59441,1,3.0
59442,1,4.0
59451,5,
59452,5,
59461,5,
59471,5,
59472,1,1.0
59481,5,
59491,5,
59492,5,
59501,1,1.0
59502,5,
59512,1,1.0
59521,1,1.0
59551,1,1.0
59552,5,
59571,5,
59572,1,1.0
59591,1,3.0
59592,5,
59641,5,
59642,5,
59651,5,
59652,5,
59661,5,
59662,5,
59671,5,
59672,5,
59701,5,
59711,5,
59721,5,
59722,1,3.0
59731,5,
59732,5,
59741,1,3.0
59742,5,
59751,5,
59752,5,
59762,5,
59771,5,
59772,5,
59782,5,
59801,1,1.0
59802,5,
59821,5,
59822,5,
59841,1,2.0
59842,1,1.0
59844,1,1.0
59861,5,
59882,1,3.0
59912,5,
59921,5,
59922,5,
59932,5,
59942,5,
59951,5,
59952,5,
59972,5,
59973,5,
59981,5,
60001,1,4.0
60002,1,3.0
60031,1,2.0
60032,1,4.0
60051,1,2.0
60052,1,4.0
60054,5,
60062,1,3.0
60091,1,1.0
60101,1,3.0
60122,5,
60131,5,
60132,1,3.0
60161,5,
60171,5,
60172,5,
60181,1,1.0
60182,5,
60192,5,
60211,5,
60221,5,
60222,1,3.0
60231,5,
60232,1,2.0
60241,5,
60242,5,
60251,5,
60252,1,3.0
60261,1,3.0
60262,1,4.0
60281,5,
60311,5,
60312,5,
60341,5,
60342,5,
60371,1,3.0
60391,5,
60392,1,1.0
60401,5,
60411,5,
60412,1,1.0
60421,1,3.0
60431,5,
60432,1,3.0
60441,5,
60451,5,
60452,5,
60481,5,
60482,5,
60491,5,
60501,1,3.0
60502,1,1.0
60511,1,3.0
60512,1,3.0
60531,5,
60532,5,
60541,1,3.0
60542,1,1.0
60561,5,
60571,5,
60572,1,1.0
60581,1,3.0
60582,5,
60591,5,
60592,5,
60602,5,
60611,5,
60612,5,
60621,5,
60622,5,
60641,1,3.0
60642,5,
60651,5,
60661,1,3.0
60662,1,4.0
60671,5,
60701,5,
60721,5,
60731,5,
60741,5,
60762,5,
60781,5,
60782,5,
60791,5,
60792,1,1.0
60801,5,
60802,1,1.0
60811,5,
60841,5,
60891,5,
60911,1,3.0
60912,1,1.0
60921,5,
60922,5,
60951,1,3.0
60961,1,3.0
60962,1,4.0
60972,5,
61002,1,3.0
61022,5,
61042,5,
61051,5,
61061,5,
61081,5,
61101,5,
61111,5,
61112,5,
61121,1,4.0
61122,1,3.0
61131,1,3.0
61132,1,4.0
61152,5,
61162,5,
61171,5,
61172,1,1.0
61201,1,1.0
61202,5,
61211,5,
61212,5,
61231,5,
61232,5,
61241,5,
61242,5,
61251,5,
61261,5,
61262,5,
61281,5,
61291,1,1.0
61292,5,
61301,5,
61302,5,
61311,1,2.0
61331,5,
61341,5,
61351,5,
61352,5,
61361,5,
61371,5,
61381,5,
61392,1,3.0
61401,1,3.0
61411,5,
61412,5,
61421,1,1.0
61441,1,4.0
61442,1,3.0
61452,5,
61461,1,3.0
61462,5,
61471,5,
61481,1,3.0
61491,1,3.0
61492,1,4.0
61501,1,3.0
61502,1,3.0
61511,5,
61512,1,3.0
61531,5,
61532,5,
61542,5,
61551,1,1.0
61602,5,
61611,5,
61612,5,
61621,1,3.0
61622,1,3.0
61631,5,
61632,5,
61651,5,
61671,5,
61681,5,
61691,5,
61711,5,
61731,5,
61741,1,1.0
61742,5,
61751,5,
61752,1,1.0
61761,1,3.0
61771,1,1.0
61772,5,
61781,1,1.0
61782,5,
61791,1,1.0
61792,1,1.0
61811,1,1.0
61812,5,
61813,5,
61821,1,1.0
61822,5,
61831,1,1.0
61841,1,3.0
61842,5,
61843,5,
61851,5,
61852,5,
61853,5,
61861,1,2.0
61862,5,
61871,5,
61872,1,1.0
61881,1,2.0
61882,5,
61891,5,
61892,1,1.0
61911,1,1.0
61921,1,1.0
61931,5,
61932,1,1.0
61941,5,
61942,1,1.0
61951,1,1.0
61961,1,3.0
61962,1,1.0
61971,1,1.0
61972,1,1.0
62011,1,2.0
62012,5,
62021,1,2.0
62022,1,1.0
62031,1,1.0
62032,1,1.0
62051,1,1.0
62052,1,1.0
62061,5,
62071,5,
62072,1,1.0
62091,1,1.0
62092,1,1.0
62101,1,1.0
62102,1,1.0
62131,5,
62141,5,
62171,1,3.0
62181,1,3.0
62191,1,3.0
62211,1,1.0
62212,1,3.0
62213,5,
62231,1,1.0
62232,1,1.0
62321,1,1.0
62341,1,1.0
62351,1,3.0
62371,5,
62411,1,1.0
62421,1,3.0
62422,1,1.0
62431,1,3.0
62432,1,1.0
62441,1,1.0
62451,1,1.0
62461,1,1.0
62462,1,1.0
62471,1,1.0
62472,5,
62481,1,1.0
62482,1,1.0
62491,1,1.0
62492,5,
62501,1,1.0
62502,1,3.0
62511,1,3.0
62512,5,
62521,1,1.0
62531,1,1.0
62551,1,2.0
62561,1,1.0
62571,1,3.0
62572,5,
62581,1,4.0
62582,1,3.0
62591,1,1.0
62601,1,2.0
62602,5,
62604,5,
62611,5,
62612,5,
62621,5,
62622,1,1.0
62631,1,1.0
62632,1,1.0
62661,1,1.0
62662,1,1.0
62671,1,3.0
62672,5,
62673,5,
62674,5,
62681,1,1.0
62682,5,
62683,5,
62691,1,1.0
62692,5,
62701,1,3.0
62702,5,
62721,5,
62722,5,
62723,5,
62751,1,1.0
62752,1,1.0
62761,1,1.0
62762,1,1.0
62764,5,
62771,1,1.0
62781,5,
62791,1,3.0
62801,1,3.0
62802,5,
62821,1,3.0
62831,1,1.0
62832,5,
62841,1,1.0
62842,1,1.0
62871,1,3.0
62872,1,1.0
62881,5,
62882,1,3.0
62883,1,1.0
62884,5,
62891,1,1.0
62961,1,3.0
62971,5,
62981,5,
63001,5,
63011,5,
63021,1,2.0
63022,5,
63041,1,1.0
63061,1,1.0
63091,1,3.0
63092,1,1.0
63101,5,
63102,1,3.0
63131,1,1.0
63132,5,
63141,5,
63142,1,3.0
63151,1,1.0
63152,5,
63161,1,1.0
63162,1,3.0
63171,1,1.0
63172,1,1.0
63181,1,3.0
63191,5,
63192,5,
63201,5,
63202,1,1.0
63211,1,1.0
63212,5,
63221,5,
63222,1,1.0
63231,1,1.0
63232,5,
63241,5,
63242,5,
63251,1,1.0
63252,1,1.0
63261,5,
63262,1,2.0
63271,5,
63272,1,1.0
63281,5,
63282,1,2.0
63291,5,
63292,5,
63301,1,3.0
63302,5,
63311,1,1.0
63312,5,
63321,5,
63322,5,
63331,1,3.0
63332,5,
63351,1,3.0
63352,5,
63371,1,1.0
63401,1,1.0
63402,1,1.0
63411,1,3.0
63441,1,3.0
63451,1,1.0
63452,1,1.0
63481,1,3.0
63511,1,1.0
63531,1,3.0
63551,1,3.0
63581,1,1.0
63582,1,3.0
63611,1,1.0
63612,1,3.0
63621,1,3.0
63631,5,
63632,1,3.0
63651,1,1.0
63652,1,1.0
63661,1,3.0
63671,5,
63681,1,1.0
63691,1,3.0
63692,1,1.0
63701,5,
63702,1,3.0
63711,1,1.0
63712,1,1.0
63713,5,
63721,1,1.0
63722,5,
63723,5,
63741,1,3.0
63751,1,3.0
63761,5,
63762,1,1.0
63771,1,3.0
63791,1,3.0
63811,1,1.0
63821,1,3.0
63831,1,3.0
63841,1,1.0
63861,1,1.0
63862,1,3.0
63871,1,3.0
63891,1,1.0
63901,1,1.0
63911,1,2.0
63912,5,
63941,1,2.0
63942,1,1.0
63951,5,
63952,1,3.0
63961,1,3.0
63971,1,1.0
63981,1,1.0
63991,1,1.0
64001,1,1.0
64011,5,
64012,1,1.0
64021,5,
64022,1,1.0
64031,5,
64032,1,3.0
64041,1,4.0
64042,1,3.0
64061,1,1.0
64062,1,1.0
64071,1,3.0
64081,1,1.0
64082,1,3.0
64091,5,
64101,5,
64102,1,1.0
64111,5,
64112,5,
64121,1,3.0
64131,1,1.0
64141,5,
64142,5,
64151,5,
64152,5,
64161,5,
64162,1,1.0
64171,1,1.0
64172,5,
64191,5,
64201,5,
64202,5,
64211,1,1.0
64231,5,
64232,1,1.0
64241,5,
64242,1,1.0
64251,1,1.0
64271,5,
64281,1,1.0
64291,1,3.0
64301,5,
64341,1,1.0
64342,1,1.0
64351,1,3.0
64352,1,3.0
64361,1,3.0
64362,5,
64381,1,3.0
64391,1,3.0
64411,1,1.0
64412,5,
64441,5,
64451,1,1.0
64461,1,3.0
64471,1,1.0
64491,1,1.0
64511,5,
64521,5,
64531,1,1.0
64532,1,1.0
64541,1,1.0
64551,5,
64561,1,1.0
64562,1,1.0
64571,5,
64591,1,3.0
64601,1,1.0
64602,1,1.0
64611,5,
64621,1,3.0
64631,1,1.0
64632,1,1.0
64641,1,3.0
64651,1,3.0
64681,5,
64711,1,1.0
64721,5,
64731,5,
64732,5,
64741,1,1.0
64751,5,
64752,1,1.0
64761,1,1.0
64771,5,
64772,5,
64781,1,3.0
64782,1,3.0
64791,1,3.0
64792,1,3.0
64811,5,
64821,1,3.0
64831,1,1.0
64832,5,
64841,5,
64842,1,1.0
64851,5,
64852,1,1.0
64861,1,4.0
64862,1,2.0
64871,1,1.0
64872,5,
64881,5,
64882,1,1.0
64891,1,1.0
64892,1,1.0
64901,1,3.0
64902,1,1.0
64911,1,1.0
64912,1,3.0
64921,1,1.0
64931,1,1.0
64932,1,1.0
64961,5,
64962,1,1.0
64971,1,1.0
64972,1,1.0
65001,1,1.0
65011,5,
65021,5,
65022,5,
65031,1,1.0
65032,1,2.0
65041,1,1.0
65061,1,1.0
65062,5,
65121,1,1.0
65131,1,1.0
65171,1,2.0
65181,1,1.0
65191,1,1.0
65201,1,1.0
65211,5,
65212,1,3.0
65221,1,3.0
65231,1,1.0
65241,1,3.0
65251,1,2.0
65252,1,1.0
65261,5,
65262,1,2.0
65271,1,3.0
65272,1,3.0
65281,5,
65291,1,1.0
65292,1,1.0
65301,1,1.0
65302,1,3.0
65311,1,1.0
65312,1,1.0
65321,1,1.0
65322,5,
65331,1,4.0
65332,1,3.0
65341,1,3.0
65351,1,1.0
65361,5,
65371,1,1.0
65372,1,1.0
65381,1,1.0
65382,1,3.0
65401,1,3.0
65402,1,1.0
65411,5,
65412,5,
65421,1,1.0
65431,1,1.0
65441,1,3.0
65442,1,3.0
65461,1,3.0
65462,1,4.0
65481,1,1.0
65491,1,1.0
65492,5,
65501,1,3.0
65511,1,4.0
65512,1,3.0
65521,1,3.0
65542,1,1.0
65551,5,
65552,1,1.0
65561,1,1.0
65562,1,3.0
65571,1,1.0
65572,1,1.0
65581,5,
65582,1,1.0
65591,1,1.0
65592,1,1.0
65601,1,3.0
65602,1,1.0
65604,5,
65611,1,1.0
65631,5,
65632,1,2.0
65641,1,1.0
65642,1,3.0
65651,1,1.0
65652,1,3.0
65671,1,1.0
65672,1,3.0
65681,5,
65682,1,1.0
65711,1,3.0
65712,5,
65721,1,4.0
65722,1,3.0
65731,1,1.0
65732,5,
65781,1,3.0
65782,1,3.0
65791,1,3.0
65801,1,1.0
65811,1,3.0
65812,5,
65821,1,2.0
65822,5,
65831,1,1.0
65832,1,1.0
65861,1,3.0
65871,1,1.0
65872,1,1.0
65891,1,1.0
65901,5,
65902,1,1.0
65911,1,3.0
65921,1,1.0
65961,1,1.0
65972,1,1.0
65981,1,1.0
66001,1,1.0
66002,1,1.0
66031,5,
66032,5,
66041,5,
66042,5,
66051,5,
66052,1,3.0
66061,5,
66062,5,
66071,1,4.0
66072,1,3.0
66091,1,1.0
66092,1,1.0
66111,1,1.0
66121,1,4.0
66122,1,3.0
66131,1,1.0
66132,1,3.0
66151,5,
66152,1,3.0
66171,5,
66172,1,2.0
66181,5,
66182,1,3.0
66191,1,3.0
66201,5,
66202,1,3.0
66211,1,3.0
66221,5,
66222,1,3.0
66231,5,
66241,1,3.0
66271,1,2.0
66281,1,1.0
66291,1,1.0
66301,5,
66302,1,3.0
66311,5,
66321,1,1.0
66331,1,1.0
66341,1,1.0
66342,1,3.0
66381,5,
66391,1,3.0
66392,1,1.0
66411,5,
66412,1,2.0
66421,1,3.0
66422,5,
66431,5,
66432,5,
66441,5,
66442,5,
66451,5,
66452,1,2.0
66461,5,
66462,1,1.0
66471,1,3.0
66472,1,1.0
66481,5,
66482,1,1.0
66491,5,
66492,1,1.0
66501,1,1.0
66511,1,2.0
66531,1,2.0
66541,1,1.0
66581,5,
66582,1,1.0
66591,5,
66592,1,2.0
66601,5,
66602,1,2.0
66611,1,3.0
66612,1,3.0
66621,1,3.0
66631,1,1.0
66632,1,2.0
66641,1,3.0
66642,5,
66651,1,1.0
66652,5,
66661,1,4.0
66662,1,3.0
66671,1,2.0
66672,1,4.0
66681,5,
66682,5,
66691,1,3.0
66692,5,
66701,1,1.0
66702,5,
66711,5,
66712,5,
66721,1,3.0
66722,5,
66731,1,3.0
66732,5,
66741,5,
66742,1,1.0
66751,5,
66752,5,
66761,1,3.0
66771,5,
66772,5,
66781,1,3.0
66791,1,3.0
66792,1,3.0
66801,5,
66802,1,2.0
66811,5,
66812,1,1.0
66821,1,2.0
66831,1,1.0
66841,1,1.0
66851,1,1.0
66852,5,
66861,1,1.0
66871,1,3.0
66881,1,3.0
66891,1,2.0
66892,1,1.0
66901,1,1.0
66921,1,1.0
66931,1,3.0
66971,1,3.0
66981,1,4.0
66991,5,
67011,1,2.0
67021,1,1.0
67041,1,1.0
67051,1,1.0
67052,1,1.0
67081,1,4.0
67101,1,1.0
67111,5,
67121,1,1.0
67122,1,3.0
67131,1,3.0
67141,1,3.0
67161,1,3.0
67181,5,
67191,5,
67201,5,
67221,1,1.0
67222,5,
67231,1,1.0
67251,5,
67261,1,1.0
67271,1,3.0
67272,5,
67281,1,4.0
67301,1,1.0
67331,1,3.0
67341,5,
67351,1,1.0
67361,1,1.0
67371,5,
67381,1,1.0
67391,5,
67401,5,
67421,1,3.0
67431,1,4.0
67441,5,
67451,1,1.0
67461,1,3.0
67471,1,1.0
67491,1,4.0
67501,1,3.0
67521,1,3.0
67531,1,1.0
67561,1,1.0
67571,1,4.0
67581,1,3.0
67591,5,
67601,1,2.0
67611,1,3.0
67621,1,3.0
67631,1,3.0
67641,5,
67651,1,3.0
67661,1,3.0
67671,1,4.0
67681,1,3.0
67691,1,3.0
67701,1,3.0
67711,1,3.0
67751,5,
67861,5,
67901,1,3.0
67911,5,
67921,1,3.0
67931,1,3.0
67941,1,3.0
67951,1,1.0
67961,1,3.0
67971,1,1.0
67991,1,1.0
68001,1,1.0
68011,1,3.0
68021,1,3.0
68051,1,3.0
68052,1,1.0
